target,trajectory,length,seq_idx,guess,model,pLDDT,pTM,i_pTM,pAE,i_pAE
md1_block_af3,md1_block_af3_l70_s570983,70,0,0,1,0.631,0.801,0.17,0.791,0.886
md1_block_af3,md1_block_af3_l70_s570983,70,0,0,2,0.896,0.81,0.141,0.768,0.886
md1_block_af3,md1_block_af3_l70_s570983,70,1,0,1,0.708,0.8,0.174,0.778,0.883
md1_block_af3,md1_block_af3_l70_s570983,70,1,0,2,0.817,0.81,0.145,0.778,0.893
md1_block_af3,md1_block_af3_l70_s570983,70,2,0,1,0.578,0.799,0.163,0.806,0.896
md1_block_af3,md1_block_af3_l70_s570983,70,2,0,2,0.869,0.808,0.136,0.777,0.896
md1_block_af3,md1_block_af3_l70_s570983,70,3,0,1,0.708,0.801,0.164,0.79,0.894
md1_block_af3,md1_block_af3_l70_s570983,70,3,0,2,0.834,0.812,0.149,0.766,0.881
md1_block_af3,md1_block_af3_l70_s570983,70,4,0,1,0.775,0.801,0.18,0.768,0.878
md1_block_af3,md1_block_af3_l70_s570983,70,4,0,2,0.764,0.809,0.139,0.788,0.9
md1_block_af3,md1_block_af3_l71_s444726,71,0,0,1,0.81,0.8,0.158,0.792,0.904
md1_block_af3,md1_block_af3_l71_s444726,71,0,0,2,0.812,0.807,0.122,0.813,0.93
md1_block_af3,md1_block_af3_l71_s444726,71,1,0,1,0.825,0.801,0.168,0.779,0.891
md1_block_af3,md1_block_af3_l71_s444726,71,1,0,2,0.815,0.807,0.122,0.811,0.928
md1_block_af3,md1_block_af3_l71_s444726,71,2,0,1,0.832,0.8,0.158,0.787,0.9
md1_block_af3,md1_block_af3_l71_s444726,71,2,0,2,0.841,0.807,0.12,0.809,0.928
md1_block_af3,md1_block_af3_l71_s444726,71,3,0,1,0.82,0.8,0.16,0.787,0.9
md1_block_af3,md1_block_af3_l71_s444726,71,3,0,2,0.826,0.807,0.129,0.804,0.922
md1_block_af3,md1_block_af3_l71_s444726,71,4,0,1,0.818,0.8,0.157,0.792,0.905
md1_block_af3,md1_block_af3_l71_s444726,71,4,0,2,0.825,0.807,0.12,0.815,0.933
md1_block_af3,md1_block_af3_l72_s6692,72,0,0,1,0.826,0.799,0.171,0.766,0.88
md1_block_af3,md1_block_af3_l72_s6692,72,0,0,2,0.836,0.807,0.139,0.783,0.902
md1_block_af3,md1_block_af3_l72_s6692,72,1,0,1,0.829,0.8,0.182,0.763,0.877
md1_block_af3,md1_block_af3_l72_s6692,72,1,0,2,0.796,0.805,0.131,0.795,0.914
md1_block_af3,md1_block_af3_l72_s6692,72,2,0,1,0.848,0.799,0.175,0.764,0.879
md1_block_af3,md1_block_af3_l72_s6692,72,2,0,2,0.855,0.805,0.133,0.787,0.908
md1_block_af3,md1_block_af3_l72_s6692,72,3,0,1,0.85,0.799,0.167,0.766,0.883
md1_block_af3,md1_block_af3_l72_s6692,72,3,0,2,0.733,0.805,0.133,0.801,0.916
md1_block_af3,md1_block_af3_l72_s6692,72,4,0,1,0.783,0.799,0.166,0.78,0.893
md1_block_af3,md1_block_af3_l72_s6692,72,4,0,2,0.729,0.806,0.134,0.802,0.915
md1_block_af3,md1_block_af3_l73_s203017,73,0,0,1,0.82,0.797,0.18,0.769,0.884
md1_block_af3,md1_block_af3_l73_s203017,73,0,0,2,0.81,0.804,0.124,0.797,0.915
md1_block_af3,md1_block_af3_l73_s203017,73,1,0,1,0.846,0.797,0.172,0.772,0.89
md1_block_af3,md1_block_af3_l73_s203017,73,1,0,2,0.837,0.804,0.116,0.803,0.926
md1_block_af3,md1_block_af3_l73_s203017,73,2,0,1,0.832,0.797,0.169,0.776,0.893
md1_block_af3,md1_block_af3_l73_s203017,73,2,0,2,0.835,0.804,0.121,0.795,0.916
md1_block_af3,md1_block_af3_l73_s203017,73,3,0,1,0.831,0.798,0.17,0.773,0.889
md1_block_af3,md1_block_af3_l73_s203017,73,3,0,2,0.827,0.804,0.12,0.804,0.925
md1_block_af3,md1_block_af3_l73_s203017,73,4,0,1,0.859,0.798,0.174,0.768,0.885
md1_block_af3,md1_block_af3_l73_s203017,73,4,0,2,0.855,0.804,0.123,0.795,0.916
md1_block_af3,md1_block_af3_l76_s316768,76,0,0,1,0.9,0.794,0.171,0.754,0.877
md1_block_af3,md1_block_af3_l76_s316768,76,0,0,2,0.906,0.801,0.133,0.772,0.9
md1_block_af3,md1_block_af3_l76_s316768,76,1,0,1,0.899,0.794,0.169,0.758,0.881
md1_block_af3,md1_block_af3_l76_s316768,76,1,0,2,0.899,0.801,0.132,0.778,0.906
md1_block_af3,md1_block_af3_l76_s316768,76,2,0,1,0.75,0.794,0.162,0.787,0.898
md1_block_af3,md1_block_af3_l76_s316768,76,2,0,2,0.761,0.801,0.133,0.8,0.916
md1_block_af3,md1_block_af3_l76_s316768,76,3,0,1,0.903,0.796,0.169,0.752,0.875
md1_block_af3,md1_block_af3_l76_s316768,76,3,0,2,0.9,0.805,0.153,0.749,0.872
md1_block_af3,md1_block_af3_l76_s316768,76,4,0,1,0.899,0.793,0.169,0.757,0.88
md1_block_af3,md1_block_af3_l76_s316768,76,4,0,2,0.902,0.8,0.127,0.783,0.913
md1_block_af3,md1_block_af3_l79_s263174,79,0,0,1,0.749,0.791,0.174,0.766,0.879
md1_block_af3,md1_block_af3_l79_s263174,79,0,0,2,0.756,0.805,0.174,0.738,0.848
md1_block_af3,md1_block_af3_l79_s263174,79,1,0,1,0.821,0.79,0.166,0.76,0.879
md1_block_af3,md1_block_af3_l79_s263174,79,1,0,2,0.814,0.801,0.157,0.755,0.875
md1_block_af3,md1_block_af3_l79_s263174,79,2,0,1,0.776,0.789,0.162,0.774,0.892
md1_block_af3,md1_block_af3_l79_s263174,79,2,0,2,0.751,0.8,0.15,0.768,0.883
md1_block_af3,md1_block_af3_l79_s263174,79,3,0,1,0.76,0.792,0.183,0.757,0.869
md1_block_af3,md1_block_af3_l79_s263174,79,3,0,2,0.792,0.8,0.154,0.763,0.88
md1_block_af3,md1_block_af3_l79_s263174,79,4,0,1,0.704,0.791,0.167,0.779,0.887
md1_block_af3,md1_block_af3_l79_s263174,79,4,0,2,0.727,0.801,0.149,0.777,0.889
md1_block_af3,md1_block_af3_l82_s806489,82,0,0,1,0.849,0.785,0.167,0.76,0.887
md1_block_af3,md1_block_af3_l82_s806489,82,0,0,2,0.859,0.793,0.136,0.773,0.904
md1_block_af3,md1_block_af3_l82_s806489,82,1,0,1,0.89,0.785,0.171,0.75,0.882
md1_block_af3,md1_block_af3_l82_s806489,82,1,0,2,0.876,0.795,0.149,0.755,0.886
md1_block_af3,md1_block_af3_l82_s806489,82,2,0,1,0.844,0.786,0.173,0.752,0.878
md1_block_af3,md1_block_af3_l82_s806489,82,2,0,2,0.83,0.794,0.145,0.767,0.894
md1_block_af3,md1_block_af3_l82_s806489,82,3,0,1,0.837,0.785,0.168,0.76,0.886
md1_block_af3,md1_block_af3_l82_s806489,82,3,0,2,0.851,0.793,0.142,0.769,0.899
md1_block_af3,md1_block_af3_l82_s806489,82,4,0,1,0.774,0.785,0.173,0.767,0.888
md1_block_af3,md1_block_af3_l82_s806489,82,4,0,2,0.645,0.793,0.143,0.798,0.908
md1_block_af3,md1_block_af3_l85_s940942,85,0,0,1,0.926,0.784,0.178,0.735,0.871
md1_block_af3,md1_block_af3_l85_s940942,85,0,0,2,0.915,0.793,0.147,0.743,0.88
md1_block_af3,md1_block_af3_l85_s940942,85,1,0,1,0.867,0.784,0.184,0.737,0.869
md1_block_af3,md1_block_af3_l85_s940942,85,1,0,2,0.82,0.792,0.149,0.755,0.887
md1_block_af3,md1_block_af3_l85_s940942,85,2,0,1,0.896,0.784,0.182,0.737,0.87
md1_block_af3,md1_block_af3_l85_s940942,85,2,0,2,0.882,0.792,0.144,0.751,0.888
md1_block_af3,md1_block_af3_l85_s940942,85,3,0,1,0.884,0.784,0.179,0.74,0.873
md1_block_af3,md1_block_af3_l85_s940942,85,3,0,2,0.881,0.793,0.155,0.738,0.872
md1_block_af3,md1_block_af3_l85_s940942,85,4,0,1,0.859,0.783,0.182,0.745,0.876
md1_block_af3,md1_block_af3_l85_s940942,85,4,0,2,0.803,0.792,0.145,0.76,0.889
md1_block_af3,md1_block_af3_l85_s132679,85,0,0,1,0.875,0.792,0.218,0.701,0.826
md1_block_af3,md1_block_af3_l85_s132679,85,0,0,2,0.87,0.808,0.244,0.635,0.746
md1_block_af3,md1_block_af3_l85_s132679,85,1,0,1,0.884,0.798,0.253,0.665,0.783
md1_block_af3,md1_block_af3_l85_s132679,85,1,0,2,0.844,0.827,0.343,0.549,0.64
md1_block_af3,md1_block_af3_l85_s132679,85,2,0,1,0.824,0.813,0.33,0.611,0.712
md1_block_af3,md1_block_af3_l85_s132679,85,2,0,2,0.847,0.895,0.737,0.319,0.362
md1_block_af3,md1_block_af3_l85_s132679,85,3,0,1,0.863,0.796,0.246,0.677,0.795
md1_block_af3,md1_block_af3_l85_s132679,85,3,0,2,0.856,0.898,0.754,0.301,0.342
md1_block_af3,md1_block_af3_l85_s132679,85,4,0,1,0.877,0.795,0.229,0.687,0.809
md1_block_af3,md1_block_af3_l85_s132679,85,4,0,2,0.512,0.789,0.129,0.833,0.924
md1_block_af3,md1_block_af3_l91_s212149,91,0,0,1,0.846,0.777,0.178,0.742,0.88
md1_block_af3,md1_block_af3_l91_s212149,91,0,0,2,0.833,0.785,0.152,0.748,0.887
md1_block_af3,md1_block_af3_l91_s212149,91,1,0,1,0.864,0.777,0.183,0.734,0.873
md1_block_af3,md1_block_af3_l91_s212149,91,1,0,2,0.888,0.784,0.144,0.745,0.89
md1_block_af3,md1_block_af3_l91_s212149,91,2,0,1,0.859,0.777,0.18,0.735,0.873
md1_block_af3,md1_block_af3_l91_s212149,91,2,0,2,0.844,0.786,0.159,0.734,0.871
md1_block_af3,md1_block_af3_l91_s212149,91,3,0,1,0.875,0.777,0.185,0.731,0.869
md1_block_af3,md1_block_af3_l91_s212149,91,3,0,2,0.871,0.784,0.141,0.749,0.892
md1_block_af3,md1_block_af3_l91_s212149,91,4,0,1,0.871,0.776,0.177,0.737,0.877
md1_block_af3,md1_block_af3_l91_s212149,91,4,0,2,0.858,0.784,0.149,0.742,0.883
md1_block_af3,md1_block_af3_l93_s322047,93,0,0,1,0.92,0.778,0.193,0.711,0.854
md1_block_af3,md1_block_af3_l93_s322047,93,0,0,2,0.928,0.782,0.148,0.733,0.882
md1_block_af3,md1_block_af3_l93_s322047,93,1,0,1,0.645,0.777,0.189,0.764,0.876
md1_block_af3,md1_block_af3_l93_s322047,93,1,0,2,0.869,0.78,0.143,0.744,0.888
md1_block_af3,md1_block_af3_l93_s322047,93,2,0,1,0.913,0.777,0.184,0.72,0.864
md1_block_af3,md1_block_af3_l93_s322047,93,2,0,2,0.922,0.781,0.14,0.742,0.892
md1_block_af3,md1_block_af3_l93_s322047,93,3,0,1,0.922,0.776,0.176,0.721,0.867
md1_block_af3,md1_block_af3_l93_s322047,93,3,0,2,0.915,0.782,0.151,0.734,0.882
md1_block_af3,md1_block_af3_l93_s322047,93,4,0,1,0.921,0.778,0.196,0.714,0.857
md1_block_af3,md1_block_af3_l93_s322047,93,4,0,2,0.921,0.782,0.149,0.735,0.884
md1_block_af3,md1_block_af3_l93_s196942,93,0,0,1,0.835,0.775,0.187,0.737,0.876
md1_block_af3,md1_block_af3_l93_s196942,93,0,0,2,0.798,0.779,0.131,0.773,0.918
md1_block_af3,md1_block_af3_l93_s196942,93,1,0,1,0.826,0.773,0.168,0.75,0.892
md1_block_af3,md1_block_af3_l93_s196942,93,1,0,2,0.82,0.779,0.13,0.769,0.915
md1_block_af3,md1_block_af3_l93_s196942,93,2,0,1,0.825,0.779,0.208,0.723,0.859
md1_block_af3,md1_block_af3_l93_s196942,93,2,0,2,0.847,0.782,0.172,0.726,0.865
md1_block_af3,md1_block_af3_l93_s196942,93,3,0,1,0.878,0.772,0.179,0.739,0.885
md1_block_af3,md1_block_af3_l93_s196942,93,3,0,2,0.888,0.779,0.133,0.755,0.906
md1_block_af3,md1_block_af3_l93_s196942,93,4,0,1,0.889,0.775,0.183,0.736,0.88
md1_block_af3,md1_block_af3_l93_s196942,93,4,0,2,0.877,0.779,0.131,0.763,0.914
md1_block_af3,md1_block_af3_l94_s405924,94,0,0,1,0.853,0.775,0.187,0.727,0.866
md1_block_af3,md1_block_af3_l94_s405924,94,0,0,2,0.85,0.784,0.169,0.728,0.868
md1_block_af3,md1_block_af3_l94_s405924,94,1,0,1,0.822,0.806,0.339,0.621,0.733
md1_block_af3,md1_block_af3_l94_s405924,94,1,0,2,0.821,0.826,0.375,0.553,0.652
md1_block_af3,md1_block_af3_l94_s405924,94,2,0,1,0.867,0.774,0.175,0.734,0.877
md1_block_af3,md1_block_af3_l94_s405924,94,2,0,2,0.864,0.797,0.23,0.654,0.78
md1_block_af3,md1_block_af3_l94_s405924,94,3,0,1,0.877,0.775,0.187,0.724,0.865
md1_block_af3,md1_block_af3_l94_s405924,94,3,0,2,0.842,0.873,0.631,0.412,0.48
md1_block_af3,md1_block_af3_l94_s405924,94,4,0,1,0.877,0.774,0.179,0.73,0.873
md1_block_af3,md1_block_af3_l94_s405924,94,4,0,2,0.881,0.785,0.168,0.717,0.859
md1_block_af3,md1_block_af3_l95_s871742,95,0,0,1,0.796,0.772,0.164,0.756,0.89
md1_block_af3,md1_block_af3_l95_s871742,95,0,0,2,0.773,0.781,0.153,0.753,0.882
md1_block_af3,md1_block_af3_l95_s871742,95,1,0,1,0.767,0.771,0.167,0.769,0.898
md1_block_af3,md1_block_af3_l95_s871742,95,1,0,2,0.792,0.777,0.135,0.77,0.909
md1_block_af3,md1_block_af3_l95_s871742,95,2,0,1,0.756,0.771,0.167,0.764,0.891
md1_block_af3,md1_block_af3_l95_s871742,95,2,0,2,0.743,0.777,0.133,0.782,0.914
md1_block_af3,md1_block_af3_l95_s871742,95,3,0,1,0.748,0.772,0.171,0.763,0.888
md1_block_af3,md1_block_af3_l95_s871742,95,3,0,2,0.772,0.778,0.139,0.772,0.908
md1_block_af3,md1_block_af3_l95_s871742,95,4,0,1,0.771,0.771,0.166,0.762,0.891
md1_block_af3,md1_block_af3_l95_s871742,95,4,0,2,0.819,0.778,0.137,0.764,0.906
md1_block_af3,md1_block_af3_l100_s435017,100,0,0,1,0.781,0.763,0.155,0.75,0.905
md1_block_af3,md1_block_af3_l100_s435017,100,0,0,2,0.863,0.782,0.186,0.69,0.831
md1_block_af3,md1_block_af3_l100_s435017,100,1,0,1,0.715,0.767,0.18,0.749,0.881
md1_block_af3,md1_block_af3_l100_s435017,100,1,0,2,0.671,0.775,0.165,0.749,0.878
md1_block_af3,md1_block_af3_l100_s435017,100,2,0,1,0.722,0.768,0.174,0.753,0.883
md1_block_af3,md1_block_af3_l100_s435017,100,2,0,2,0.872,0.779,0.17,0.704,0.848
md1_block_af3,md1_block_af3_l100_s435017,100,3,0,1,0.876,0.77,0.188,0.714,0.861
md1_block_af3,md1_block_af3_l100_s435017,100,3,0,2,0.852,0.784,0.197,0.675,0.811
md1_block_af3,md1_block_af3_l100_s435017,100,4,0,1,0.842,0.768,0.175,0.735,0.883
md1_block_af3,md1_block_af3_l100_s435017,100,4,0,2,0.737,0.776,0.158,0.739,0.875
md1_block_af3,md1_block_af3_l101_s822108,101,0,0,1,0.866,0.766,0.174,0.731,0.881
md1_block_af3,md1_block_af3_l101_s822108,101,0,0,2,0.871,0.774,0.158,0.725,0.878
md1_block_af3,md1_block_af3_l101_s822108,101,1,0,1,0.855,0.766,0.176,0.731,0.879
md1_block_af3,md1_block_af3_l101_s822108,101,1,0,2,0.852,0.775,0.164,0.725,0.872
md1_block_af3,md1_block_af3_l101_s822108,101,2,0,1,0.834,0.766,0.181,0.732,0.878
md1_block_af3,md1_block_af3_l101_s822108,101,2,0,2,0.832,0.775,0.16,0.725,0.872
md1_block_af3,md1_block_af3_l101_s822108,101,3,0,1,0.805,0.765,0.171,0.744,0.892
md1_block_af3,md1_block_af3_l101_s822108,101,3,0,2,0.825,0.773,0.151,0.739,0.89
md1_block_af3,md1_block_af3_l101_s822108,101,4,0,1,0.847,0.767,0.179,0.732,0.878
md1_block_af3,md1_block_af3_l101_s822108,101,4,0,2,0.855,0.774,0.157,0.731,0.882
md1_block_af3,md1_block_af3_l103_s579177,103,0,0,1,0.83,0.762,0.166,0.743,0.889
md1_block_af3,md1_block_af3_l103_s579177,103,0,0,2,0.832,0.772,0.153,0.732,0.878
md1_block_af3,md1_block_af3_l103_s579177,103,1,0,1,0.815,0.763,0.163,0.747,0.891
md1_block_af3,md1_block_af3_l103_s579177,103,1,0,2,0.861,0.77,0.14,0.742,0.894
md1_block_af3,md1_block_af3_l103_s579177,103,2,0,1,0.835,0.764,0.162,0.742,0.89
md1_block_af3,md1_block_af3_l103_s579177,103,2,0,2,0.844,0.772,0.153,0.731,0.88
md1_block_af3,md1_block_af3_l103_s579177,103,3,0,1,0.856,0.762,0.162,0.741,0.89
md1_block_af3,md1_block_af3_l103_s579177,103,3,0,2,0.86,0.772,0.15,0.73,0.88
md1_block_af3,md1_block_af3_l103_s579177,103,4,0,1,0.622,0.763,0.166,0.78,0.899
md1_block_af3,md1_block_af3_l103_s579177,103,4,0,2,0.678,0.771,0.148,0.768,0.897
md1_block_af3,md1_block_af3_l106_s329171,106,0,0,1,0.792,0.774,0.247,0.677,0.81
md1_block_af3,md1_block_af3_l106_s329171,106,0,0,2,0.79,0.779,0.213,0.676,0.81
md1_block_af3,md1_block_af3_l106_s329171,106,1,0,1,0.808,0.812,0.424,0.552,0.657
md1_block_af3,md1_block_af3_l106_s329171,106,1,0,2,0.845,0.806,0.339,0.558,0.671
md1_block_af3,md1_block_af3_l106_s329171,106,2,0,1,0.813,0.849,0.602,0.44,0.516
md1_block_af3,md1_block_af3_l106_s329171,106,2,0,2,0.842,0.821,0.407,0.513,0.614
md1_block_af3,md1_block_af3_l106_s329171,106,3,0,1,0.819,0.855,0.622,0.427,0.499
md1_block_af3,md1_block_af3_l106_s329171,106,3,0,2,0.817,0.874,0.653,0.37,0.429
md1_block_af3,md1_block_af3_l106_s329171,106,4,0,1,0.819,0.786,0.296,0.634,0.76
md1_block_af3,md1_block_af3_l106_s329171,106,4,0,2,0.83,0.786,0.24,0.638,0.77
md1_block_af3,md1_block_af3_l106_s391239,106,0,0,1,0.767,0.76,0.182,0.74,0.886
md1_block_af3,md1_block_af3_l106_s391239,106,0,0,2,0.644,0.763,0.134,0.789,0.925
md1_block_af3,md1_block_af3_l106_s391239,106,1,0,1,0.802,0.762,0.186,0.731,0.879
md1_block_af3,md1_block_af3_l106_s391239,106,1,0,2,0.712,0.766,0.151,0.76,0.901
md1_block_af3,md1_block_af3_l106_s391239,106,2,0,1,0.788,0.772,0.234,0.696,0.832
md1_block_af3,md1_block_af3_l106_s391239,106,2,0,2,0.798,0.767,0.15,0.742,0.891
md1_block_af3,md1_block_af3_l106_s391239,106,3,0,1,0.824,0.76,0.177,0.736,0.888
md1_block_af3,md1_block_af3_l106_s391239,106,3,0,2,0.84,0.766,0.148,0.737,0.894
md1_block_af3,md1_block_af3_l106_s391239,106,4,0,1,0.736,0.771,0.236,0.704,0.835
md1_block_af3,md1_block_af3_l106_s391239,106,4,0,2,0.781,0.806,0.34,0.59,0.701
md1_block_af3,md1_block_af3_l106_s979479,106,0,0,1,0.826,0.757,0.167,0.739,0.891
md1_block_af3,md1_block_af3_l106_s979479,106,0,0,2,0.841,0.768,0.158,0.718,0.871
md1_block_af3,md1_block_af3_l106_s979479,106,1,0,1,0.426,0.758,0.17,0.816,0.902
md1_block_af3,md1_block_af3_l106_s979479,106,1,0,2,0.564,0.762,0.134,0.808,0.926
md1_block_af3,md1_block_af3_l106_s979479,106,2,0,1,0.858,0.756,0.16,0.738,0.895
md1_block_af3,md1_block_af3_l106_s979479,106,2,0,2,0.856,0.766,0.15,0.724,0.88
md1_block_af3,md1_block_af3_l106_s979479,106,3,0,1,0.781,0.756,0.166,0.746,0.895
md1_block_af3,md1_block_af3_l106_s979479,106,3,0,2,0.752,0.766,0.154,0.74,0.884
md1_block_af3,md1_block_af3_l106_s979479,106,4,0,1,0.812,0.757,0.167,0.739,0.891
md1_block_af3,md1_block_af3_l106_s979479,106,4,0,2,0.491,0.761,0.127,0.83,0.938
md1_block_af3,md1_block_af3_l107_s119365,107,0,0,1,0.915,0.767,0.21,0.683,0.839
md1_block_af3,md1_block_af3_l107_s119365,107,0,0,2,0.931,0.771,0.173,0.688,0.848
md1_block_af3,md1_block_af3_l107_s119365,107,1,0,1,0.916,0.78,0.274,0.635,0.779
md1_block_af3,md1_block_af3_l107_s119365,107,1,0,2,0.941,0.773,0.18,0.679,0.838
md1_block_af3,md1_block_af3_l107_s119365,107,2,0,1,0.89,0.777,0.251,0.654,0.799
md1_block_af3,md1_block_af3_l107_s119365,107,2,0,2,0.928,0.768,0.152,0.715,0.882
md1_block_af3,md1_block_af3_l107_s119365,107,3,0,1,0.91,0.771,0.224,0.671,0.824
md1_block_af3,md1_block_af3_l107_s119365,107,3,0,2,0.926,0.776,0.193,0.668,0.823
md1_block_af3,md1_block_af3_l107_s119365,107,4,0,1,0.888,0.779,0.261,0.644,0.787
md1_block_af3,md1_block_af3_l107_s119365,107,4,0,2,0.922,0.773,0.177,0.684,0.842
md1_block_af3,md1_block_af3_l107_s377822,107,0,0,1,0.893,0.791,0.329,0.597,0.73
md1_block_af3,md1_block_af3_l107_s377822,107,0,0,2,0.9,0.818,0.395,0.503,0.614
md1_block_af3,md1_block_af3_l107_s377822,107,1,0,1,0.907,0.777,0.265,0.641,0.787
md1_block_af3,md1_block_af3_l107_s377822,107,1,0,2,0.9,0.822,0.406,0.489,0.596
md1_block_af3,md1_block_af3_l107_s377822,107,2,0,1,0.911,0.772,0.239,0.66,0.81
md1_block_af3,md1_block_af3_l107_s377822,107,2,0,2,0.893,0.85,0.55,0.405,0.489
md1_block_af3,md1_block_af3_l107_s377822,107,3,0,1,0.863,0.771,0.241,0.67,0.816
md1_block_af3,md1_block_af3_l107_s377822,107,3,0,2,0.83,0.777,0.211,0.666,0.809
md1_block_af3,md1_block_af3_l107_s377822,107,4,0,1,0.905,0.783,0.291,0.62,0.76
md1_block_af3,md1_block_af3_l107_s377822,107,4,0,2,0.883,0.836,0.472,0.453,0.548
md1_block_af3,md1_block_af3_l108_s442364,108,0,0,1,0.849,0.765,0.21,0.692,0.841
md1_block_af3,md1_block_af3_l108_s442364,108,0,0,2,0.863,0.777,0.2,0.668,0.813
md1_block_af3,md1_block_af3_l108_s442364,108,1,0,1,0.849,0.765,0.212,0.688,0.837
md1_block_af3,md1_block_af3_l108_s442364,108,1,0,2,0.667,0.765,0.157,0.753,0.887
md1_block_af3,md1_block_af3_l108_s442364,108,2,0,1,0.876,0.764,0.206,0.689,0.838
md1_block_af3,md1_block_af3_l108_s442364,108,2,0,2,0.593,0.765,0.162,0.77,0.892
md1_block_af3,md1_block_af3_l108_s442364,108,3,0,1,0.831,0.758,0.175,0.725,0.875
md1_block_af3,md1_block_af3_l108_s442364,108,3,0,2,0.7,0.766,0.163,0.742,0.882
md1_block_af3,md1_block_af3_l108_s442364,108,4,0,1,0.851,0.758,0.177,0.717,0.872
md1_block_af3,md1_block_af3_l108_s442364,108,4,0,2,0.837,0.767,0.165,0.716,0.87
md1_block_af3,md1_block_af3_l109_s223790,109,0,0,1,0.653,0.757,0.181,0.769,0.895
md1_block_af3,md1_block_af3_l109_s223790,109,0,0,2,0.745,0.768,0.172,0.719,0.862
md1_block_af3,md1_block_af3_l109_s223790,109,1,0,1,0.493,0.757,0.188,0.798,0.9
md1_block_af3,md1_block_af3_l109_s223790,109,1,0,2,0.815,0.763,0.157,0.721,0.877
md1_block_af3,md1_block_af3_l109_s223790,109,2,0,1,0.65,0.756,0.167,0.768,0.903
md1_block_af3,md1_block_af3_l109_s223790,109,2,0,2,0.73,0.766,0.17,0.727,0.867
md1_block_af3,md1_block_af3_l109_s223790,109,3,0,1,0.824,0.758,0.183,0.727,0.884
md1_block_af3,md1_block_af3_l109_s223790,109,3,0,2,0.823,0.768,0.171,0.712,0.866
md1_block_af3,md1_block_af3_l109_s223790,109,4,0,1,0.575,0.756,0.183,0.785,0.904
md1_block_af3,md1_block_af3_l109_s223790,109,4,0,2,0.686,0.762,0.154,0.753,0.895
md1_block_af3,md1_block_af3_l109_s539754,109,0,0,1,0.696,0.76,0.204,0.733,0.866
md1_block_af3,md1_block_af3_l109_s539754,109,0,0,2,0.724,0.771,0.178,0.713,0.847
md1_block_af3,md1_block_af3_l109_s539754,109,1,0,1,0.79,0.76,0.202,0.72,0.861
md1_block_af3,md1_block_af3_l109_s539754,109,1,0,2,0.797,0.769,0.173,0.709,0.852
md1_block_af3,md1_block_af3_l109_s539754,109,2,0,1,0.776,0.763,0.219,0.707,0.846
md1_block_af3,md1_block_af3_l109_s539754,109,2,0,2,0.773,0.771,0.179,0.699,0.841
md1_block_af3,md1_block_af3_l109_s539754,109,3,0,1,0.797,0.765,0.226,0.694,0.833
md1_block_af3,md1_block_af3_l109_s539754,109,3,0,2,0.786,0.77,0.178,0.698,0.841
md1_block_af3,md1_block_af3_l109_s539754,109,4,0,1,0.736,0.762,0.211,0.719,0.856
md1_block_af3,md1_block_af3_l109_s539754,109,4,0,2,0.702,0.768,0.165,0.736,0.872
md1_block_af3,md1_block_af3_l110_s952455,110,0,0,1,0.818,0.758,0.181,0.727,0.878
md1_block_af3,md1_block_af3_l110_s952455,110,0,0,2,0.775,0.767,0.165,0.724,0.869
md1_block_af3,md1_block_af3_l110_s952455,110,1,0,1,0.846,0.758,0.184,0.72,0.877
md1_block_af3,md1_block_af3_l110_s952455,110,1,0,2,0.832,0.765,0.155,0.721,0.878
md1_block_af3,md1_block_af3_l110_s952455,110,2,0,1,0.777,0.757,0.178,0.738,0.884
md1_block_af3,md1_block_af3_l110_s952455,110,2,0,2,0.768,0.768,0.169,0.723,0.866
md1_block_af3,md1_block_af3_l110_s952455,110,3,0,1,0.775,0.756,0.173,0.742,0.887
md1_block_af3,md1_block_af3_l110_s952455,110,3,0,2,0.769,0.762,0.148,0.75,0.899
md1_block_af3,md1_block_af3_l110_s952455,110,4,0,1,0.785,0.758,0.179,0.735,0.884
md1_block_af3,md1_block_af3_l110_s952455,110,4,0,2,0.794,0.769,0.171,0.71,0.857
md1_block_af3,md1_block_af3_l111_s379109,111,0,0,1,0.935,0.758,0.189,0.694,0.861
md1_block_af3,md1_block_af3_l111_s379109,111,0,0,2,0.935,0.766,0.173,0.679,0.844
md1_block_af3,md1_block_af3_l111_s379109,111,1,0,1,0.926,0.759,0.186,0.697,0.863
md1_block_af3,md1_block_af3_l111_s379109,111,1,0,2,0.927,0.769,0.182,0.673,0.835
md1_block_af3,md1_block_af3_l111_s379109,111,2,0,1,0.911,0.758,0.187,0.696,0.859
md1_block_af3,md1_block_af3_l111_s379109,111,2,0,2,0.907,0.769,0.183,0.677,0.836
md1_block_af3,md1_block_af3_l111_s379109,111,3,0,1,0.931,0.758,0.184,0.697,0.863
md1_block_af3,md1_block_af3_l111_s379109,111,3,0,2,0.924,0.775,0.215,0.648,0.802
md1_block_af3,md1_block_af3_l111_s379109,111,4,0,1,0.938,0.758,0.185,0.695,0.862
md1_block_af3,md1_block_af3_l111_s379109,111,4,0,2,0.938,0.767,0.172,0.683,0.848
md1_block_af3,md1_block_af3_l113_s311475,113,0,0,1,0.837,0.78,0.287,0.637,0.773
md1_block_af3,md1_block_af3_l113_s311475,113,0,0,2,0.833,0.861,0.609,0.404,0.478
md1_block_af3,md1_block_af3_l113_s311475,113,1,0,1,0.84,0.759,0.194,0.698,0.849
md1_block_af3,md1_block_af3_l113_s311475,113,1,0,2,0.803,0.82,0.418,0.508,0.602
md1_block_af3,md1_block_af3_l113_s311475,113,2,0,1,0.878,0.754,0.177,0.708,0.87
md1_block_af3,md1_block_af3_l113_s311475,113,2,0,2,0.86,0.801,0.342,0.555,0.676
md1_block_af3,md1_block_af3_l113_s311475,113,3,0,1,0.851,0.754,0.176,0.71,0.867
md1_block_af3,md1_block_af3_l113_s311475,113,3,0,2,0.843,0.761,0.161,0.705,0.862
md1_block_af3,md1_block_af3_l113_s311475,113,4,0,1,0.859,0.761,0.202,0.686,0.837
md1_block_af3,md1_block_af3_l113_s311475,113,4,0,2,0.842,0.787,0.284,0.598,0.726
md1_block_af3,md1_block_af3_l113_s247832,113,0,0,1,0.778,0.754,0.183,0.728,0.879
md1_block_af3,md1_block_af3_l113_s247832,113,0,0,2,0.734,0.763,0.167,0.727,0.873
md1_block_af3,md1_block_af3_l113_s247832,113,1,0,1,0.811,0.753,0.173,0.726,0.883
md1_block_af3,md1_block_af3_l113_s247832,113,1,0,2,0.782,0.776,0.229,0.662,0.798
md1_block_af3,md1_block_af3_l113_s247832,113,2,0,1,0.831,0.756,0.188,0.711,0.866
md1_block_af3,md1_block_af3_l113_s247832,113,2,0,2,0.815,0.765,0.181,0.7,0.852
md1_block_af3,md1_block_af3_l113_s247832,113,3,0,1,0.796,0.753,0.177,0.726,0.88
md1_block_af3,md1_block_af3_l113_s247832,113,3,0,2,0.787,0.762,0.159,0.726,0.88
md1_block_af3,md1_block_af3_l113_s247832,113,4,0,1,0.82,0.753,0.172,0.727,0.885
md1_block_af3,md1_block_af3_l113_s247832,113,4,0,2,0.817,0.758,0.143,0.738,0.901
md1_block_af3,md1_block_af3_l114_s155404,114,0,0,1,0.84,0.748,0.17,0.724,0.884
md1_block_af3,md1_block_af3_l114_s155404,114,0,0,2,0.785,0.755,0.138,0.743,0.9
md1_block_af3,md1_block_af3_l114_s155404,114,1,0,1,0.733,0.749,0.169,0.742,0.885
md1_block_af3,md1_block_af3_l114_s155404,114,1,0,2,0.693,0.753,0.132,0.77,0.914
md1_block_af3,md1_block_af3_l114_s155404,114,2,0,1,0.853,0.75,0.181,0.708,0.867
md1_block_af3,md1_block_af3_l114_s155404,114,2,0,2,0.846,0.757,0.147,0.721,0.883
md1_block_af3,md1_block_af3_l114_s155404,114,3,0,1,0.862,0.749,0.176,0.716,0.876
md1_block_af3,md1_block_af3_l114_s155404,114,3,0,2,0.764,0.755,0.137,0.75,0.902
md1_block_af3,md1_block_af3_l114_s155404,114,4,0,1,0.799,0.747,0.161,0.742,0.898
md1_block_af3,md1_block_af3_l114_s155404,114,4,0,2,0.463,0.756,0.15,0.812,0.913
md1_block_af3,md1_block_af3_l115_s504271,115,0,0,1,0.876,0.755,0.198,0.69,0.854
md1_block_af3,md1_block_af3_l115_s504271,115,0,0,2,0.894,0.756,0.147,0.712,0.885
md1_block_af3,md1_block_af3_l115_s504271,115,1,0,1,0.869,0.754,0.192,0.696,0.86
md1_block_af3,md1_block_af3_l115_s504271,115,1,0,2,0.862,0.761,0.167,0.691,0.855
md1_block_af3,md1_block_af3_l115_s504271,115,2,0,1,0.855,0.752,0.183,0.711,0.876
md1_block_af3,md1_block_af3_l115_s504271,115,2,0,2,0.845,0.764,0.184,0.682,0.838
md1_block_af3,md1_block_af3_l115_s504271,115,3,0,1,0.882,0.751,0.176,0.709,0.878
md1_block_af3,md1_block_af3_l115_s504271,115,3,0,2,0.898,0.757,0.149,0.705,0.877
md1_block_af3,md1_block_af3_l115_s504271,115,4,0,1,0.893,0.753,0.197,0.694,0.86
md1_block_af3,md1_block_af3_l115_s504271,115,4,0,2,0.91,0.76,0.167,0.682,0.85
md1_block_af3,md1_block_af3_l119_s184098,119,0,0,1,0.874,0.756,0.212,0.671,0.832
md1_block_af3,md1_block_af3_l119_s184098,119,0,0,2,0.89,0.775,0.25,0.597,0.741
md1_block_af3,md1_block_af3_l119_s184098,119,1,0,1,0.877,0.76,0.236,0.644,0.798
md1_block_af3,md1_block_af3_l119_s184098,119,1,0,2,0.883,0.764,0.209,0.644,0.8
md1_block_af3,md1_block_af3_l119_s184098,119,2,0,1,0.873,0.763,0.243,0.649,0.802
md1_block_af3,md1_block_af3_l119_s184098,119,2,0,2,0.873,0.766,0.209,0.635,0.785
md1_block_af3,md1_block_af3_l119_s184098,119,3,0,1,0.835,0.755,0.206,0.686,0.842
md1_block_af3,md1_block_af3_l119_s184098,119,3,0,2,0.868,0.764,0.197,0.654,0.809
md1_block_af3,md1_block_af3_l119_s184098,119,4,0,1,0.848,0.755,0.206,0.685,0.844
md1_block_af3,md1_block_af3_l119_s184098,119,4,0,2,0.867,0.758,0.183,0.67,0.829
md1_block_af3,md1_block_af3_l119_s949320,119,0,0,1,0.899,0.748,0.184,0.697,0.87
md1_block_af3,md1_block_af3_l119_s949320,119,0,0,2,0.712,0.751,0.141,0.749,0.9
md1_block_af3,md1_block_af3_l119_s949320,119,1,0,1,0.796,0.75,0.188,0.711,0.869
md1_block_af3,md1_block_af3_l119_s949320,119,1,0,2,0.593,0.75,0.137,0.799,0.918
md1_block_af3,md1_block_af3_l119_s949320,119,2,0,1,0.612,0.75,0.192,0.758,0.883
md1_block_af3,md1_block_af3_l119_s949320,119,2,0,2,0.716,0.751,0.135,0.757,0.907
md1_block_af3,md1_block_af3_l119_s949320,119,3,0,1,0.894,0.746,0.178,0.703,0.878
md1_block_af3,md1_block_af3_l119_s949320,119,3,0,2,0.669,0.749,0.135,0.811,0.92
md1_block_af3,md1_block_af3_l119_s949320,119,4,0,1,0.684,0.747,0.185,0.754,0.889
md1_block_af3,md1_block_af3_l119_s949320,119,4,0,2,0.878,0.755,0.156,0.701,0.873
md1_block_af3,md1_block_af3_l119_s414762,119,0,0,1,0.872,0.746,0.176,0.709,0.882
md1_block_af3,md1_block_af3_l119_s414762,119,0,0,2,0.866,0.75,0.139,0.726,0.905
md1_block_af3,md1_block_af3_l119_s414762,119,1,0,1,0.862,0.749,0.203,0.699,0.866
md1_block_af3,md1_block_af3_l119_s414762,119,1,0,2,0.836,0.756,0.167,0.694,0.857
md1_block_af3,md1_block_af3_l119_s414762,119,2,0,1,0.855,0.748,0.18,0.709,0.878
md1_block_af3,md1_block_af3_l119_s414762,119,2,0,2,0.845,0.748,0.129,0.736,0.912
md1_block_af3,md1_block_af3_l119_s414762,119,3,0,1,0.872,0.745,0.173,0.722,0.895
md1_block_af3,md1_block_af3_l119_s414762,119,3,0,2,0.861,0.747,0.134,0.732,0.909
md1_block_af3,md1_block_af3_l119_s414762,119,4,0,1,0.863,0.752,0.195,0.697,0.864
md1_block_af3,md1_block_af3_l119_s414762,119,4,0,2,0.844,0.752,0.151,0.71,0.881
md1_block_af3,md1_block_af3_l120_s175363,120,0,0,1,0.78,0.744,0.163,0.748,0.908
md1_block_af3,md1_block_af3_l120_s175363,120,0,0,2,0.801,0.75,0.14,0.741,0.905
md1_block_af3,md1_block_af3_l120_s175363,120,1,0,1,0.896,0.747,0.176,0.705,0.877
md1_block_af3,md1_block_af3_l120_s175363,120,1,0,2,0.832,0.751,0.14,0.731,0.898
md1_block_af3,md1_block_af3_l120_s175363,120,2,0,1,0.844,0.745,0.166,0.724,0.89
md1_block_af3,md1_block_af3_l120_s175363,120,2,0,2,0.771,0.747,0.132,0.758,0.921
md1_block_af3,md1_block_af3_l120_s175363,120,3,0,1,0.825,0.747,0.177,0.724,0.886
md1_block_af3,md1_block_af3_l120_s175363,120,3,0,2,0.718,0.751,0.145,0.749,0.899
md1_block_af3,md1_block_af3_l120_s175363,120,4,0,1,0.746,0.745,0.167,0.747,0.896
md1_block_af3,md1_block_af3_l120_s175363,120,4,0,2,0.744,0.75,0.139,0.754,0.907
md1_block_af3,md1_block_af3_l121_s972991,121,0,0,1,0.831,0.75,0.196,0.692,0.848
md1_block_af3,md1_block_af3_l121_s972991,121,0,0,2,0.851,0.766,0.213,0.638,0.784
md1_block_af3,md1_block_af3_l121_s972991,121,1,0,1,0.877,0.756,0.221,0.66,0.814
md1_block_af3,md1_block_af3_l121_s972991,121,1,0,2,0.88,0.767,0.226,0.621,0.766
md1_block_af3,md1_block_af3_l121_s972991,121,2,0,1,0.843,0.757,0.228,0.66,0.809
md1_block_af3,md1_block_af3_l121_s972991,121,2,0,2,0.85,0.781,0.287,0.58,0.709
md1_block_af3,md1_block_af3_l121_s972991,121,3,0,1,0.85,0.757,0.227,0.661,0.81
md1_block_af3,md1_block_af3_l121_s972991,121,3,0,2,0.857,0.776,0.258,0.597,0.731
md1_block_af3,md1_block_af3_l121_s972991,121,4,0,1,0.864,0.755,0.219,0.669,0.823
md1_block_af3,md1_block_af3_l121_s972991,121,4,0,2,0.877,0.772,0.249,0.604,0.746
md1_block_af3,md1_block_af3_l125_s571565,125,0,0,1,0.813,0.748,0.21,0.688,0.846
md1_block_af3,md1_block_af3_l125_s571565,125,0,0,2,0.806,0.743,0.141,0.729,0.9
md1_block_af3,md1_block_af3_l125_s571565,125,1,0,1,0.757,0.747,0.216,0.699,0.849
md1_block_af3,md1_block_af3_l125_s571565,125,1,0,2,0.767,0.746,0.149,0.73,0.892
md1_block_af3,md1_block_af3_l125_s571565,125,2,0,1,0.788,0.741,0.181,0.723,0.887
md1_block_af3,md1_block_af3_l125_s571565,125,2,0,2,0.781,0.743,0.137,0.738,0.907
md1_block_af3,md1_block_af3_l125_s571565,125,3,0,1,0.797,0.749,0.222,0.683,0.838
md1_block_af3,md1_block_af3_l125_s571565,125,3,0,2,0.694,0.744,0.143,0.744,0.897
md1_block_af3,md1_block_af3_l125_s571565,125,4,0,1,0.795,0.749,0.212,0.691,0.847
md1_block_af3,md1_block_af3_l125_s571565,125,4,0,2,0.797,0.745,0.145,0.723,0.894
md1_block_af3,md1_block_af3_l125_s964897,125,0,0,1,0.562,0.744,0.188,0.758,0.885
md1_block_af3,md1_block_af3_l125_s964897,125,0,0,2,0.612,0.742,0.142,0.767,0.911
md1_block_af3,md1_block_af3_l125_s964897,125,1,0,1,0.861,0.745,0.19,0.691,0.865
md1_block_af3,md1_block_af3_l125_s964897,125,1,0,2,0.874,0.753,0.189,0.67,0.842
md1_block_af3,md1_block_af3_l125_s964897,125,2,0,1,0.845,0.745,0.196,0.688,0.858
md1_block_af3,md1_block_af3_l125_s964897,125,2,0,2,0.829,0.755,0.196,0.664,0.829
md1_block_af3,md1_block_af3_l125_s964897,125,3,0,1,0.433,0.742,0.19,0.795,0.892
md1_block_af3,md1_block_af3_l125_s964897,125,3,0,2,0.669,0.746,0.156,0.735,0.889
md1_block_af3,md1_block_af3_l125_s964897,125,4,0,1,0.813,0.746,0.195,0.698,0.867
md1_block_af3,md1_block_af3_l125_s964897,125,4,0,2,0.811,0.756,0.202,0.667,0.829
md1_block_af3,md1_block_af3_l128_s523552,128,0,0,1,0.903,0.741,0.191,0.682,0.862
md1_block_af3,md1_block_af3_l128_s523552,128,0,0,2,0.912,0.747,0.168,0.677,0.859
md1_block_af3,md1_block_af3_l128_s523552,128,1,0,1,0.848,0.741,0.197,0.69,0.864
md1_block_af3,md1_block_af3_l128_s523552,128,1,0,2,0.875,0.749,0.175,0.676,0.852
md1_block_af3,md1_block_af3_l128_s523552,128,2,0,1,0.892,0.741,0.191,0.687,0.867
md1_block_af3,md1_block_af3_l128_s523552,128,2,0,2,0.891,0.748,0.168,0.68,0.859
md1_block_af3,md1_block_af3_l128_s523552,128,3,0,1,0.877,0.74,0.191,0.689,0.866
md1_block_af3,md1_block_af3_l128_s523552,128,3,0,2,0.882,0.745,0.156,0.693,0.874
md1_block_af3,md1_block_af3_l128_s523552,128,4,0,1,0.881,0.74,0.192,0.688,0.866
md1_block_af3,md1_block_af3_l128_s523552,128,4,0,2,0.883,0.747,0.166,0.685,0.864
md1_block_af3,md1_block_af3_l129_s690513,129,0,0,1,0.783,0.745,0.219,0.675,0.826
md1_block_af3,md1_block_af3_l129_s690513,129,0,0,2,0.803,0.746,0.171,0.698,0.862
md1_block_af3,md1_block_af3_l129_s690513,129,1,0,1,0.806,0.739,0.197,0.7,0.864
md1_block_af3,md1_block_af3_l129_s690513,129,1,0,2,0.81,0.745,0.167,0.703,0.871
md1_block_af3,md1_block_af3_l129_s690513,129,2,0,1,0.832,0.736,0.185,0.702,0.874
md1_block_af3,md1_block_af3_l129_s690513,129,2,0,2,0.857,0.743,0.163,0.7,0.877
md1_block_af3,md1_block_af3_l129_s690513,129,3,0,1,0.837,0.74,0.205,0.684,0.848
md1_block_af3,md1_block_af3_l129_s690513,129,3,0,2,0.845,0.744,0.166,0.696,0.868
md1_block_af3,md1_block_af3_l129_s690513,129,4,0,1,0.839,0.737,0.185,0.699,0.869
md1_block_af3,md1_block_af3_l129_s690513,129,4,0,2,0.856,0.744,0.165,0.699,0.873
md1_block_af3,md1_block_af3_l70_s570983,70,0,1,1,0.892,0.823,0.228,0.698,0.804
md1_block_af3,md1_block_af3_l70_s570983,70,0,1,2,0.911,0.82,0.187,0.716,0.825
md1_block_af3,md1_block_af3_l70_s570983,70,1,1,1,0.913,0.817,0.191,0.733,0.845
md1_block_af3,md1_block_af3_l70_s570983,70,1,1,2,0.925,0.816,0.157,0.754,0.871
md1_block_af3,md1_block_af3_l70_s570983,70,2,1,1,0.911,0.817,0.202,0.725,0.837
md1_block_af3,md1_block_af3_l70_s570983,70,2,1,2,0.923,0.817,0.168,0.737,0.852
md1_block_af3,md1_block_af3_l70_s570983,70,3,1,1,0.916,0.82,0.216,0.709,0.819
md1_block_af3,md1_block_af3_l70_s570983,70,3,1,2,0.921,0.819,0.177,0.728,0.84
md1_block_af3,md1_block_af3_l70_s570983,70,4,1,1,0.871,0.817,0.186,0.737,0.848
md1_block_af3,md1_block_af3_l70_s570983,70,4,1,2,0.858,0.817,0.159,0.763,0.877
md1_block_af3,md1_block_af3_l71_s444726,71,0,1,1,0.849,0.805,0.162,0.765,0.876
md1_block_af3,md1_block_af3_l71_s444726,71,0,1,2,0.855,0.808,0.129,0.796,0.912
md1_block_af3,md1_block_af3_l71_s444726,71,1,1,1,0.861,0.806,0.169,0.757,0.867
md1_block_af3,md1_block_af3_l71_s444726,71,1,1,2,0.876,0.809,0.134,0.784,0.902
md1_block_af3,md1_block_af3_l71_s444726,71,2,1,1,0.877,0.805,0.167,0.756,0.868
md1_block_af3,md1_block_af3_l71_s444726,71,2,1,2,0.893,0.809,0.135,0.78,0.898
md1_block_af3,md1_block_af3_l71_s444726,71,3,1,1,0.866,0.805,0.166,0.759,0.87
md1_block_af3,md1_block_af3_l71_s444726,71,3,1,2,0.879,0.808,0.131,0.785,0.904
md1_block_af3,md1_block_af3_l71_s444726,71,4,1,1,0.867,0.805,0.163,0.761,0.873
md1_block_af3,md1_block_af3_l71_s444726,71,4,1,2,0.851,0.809,0.133,0.792,0.908
md1_block_af3,md1_block_af3_l72_s6692,72,0,1,1,0.832,0.862,0.566,0.494,0.562
md1_block_af3,md1_block_af3_l72_s6692,72,0,1,2,0.83,0.857,0.409,0.534,0.609
md1_block_af3,md1_block_af3_l72_s6692,72,1,1,1,0.837,0.875,0.656,0.428,0.485
md1_block_af3,md1_block_af3_l72_s6692,72,1,1,2,0.846,0.905,0.732,0.321,0.359
md1_block_af3,md1_block_af3_l72_s6692,72,2,1,1,0.896,0.819,0.211,0.728,0.84
md1_block_af3,md1_block_af3_l72_s6692,72,2,1,2,0.887,0.824,0.183,0.719,0.829
md1_block_af3,md1_block_af3_l72_s6692,72,3,1,1,0.817,0.851,0.508,0.547,0.624
md1_block_af3,md1_block_af3_l72_s6692,72,3,1,2,0.858,0.822,0.176,0.734,0.845
md1_block_af3,md1_block_af3_l72_s6692,72,4,1,1,0.829,0.856,0.51,0.524,0.597
md1_block_af3,md1_block_af3_l72_s6692,72,4,1,2,0.844,0.887,0.607,0.408,0.461
md1_block_af3,md1_block_af3_l73_s203017,73,0,1,1,0.822,0.829,0.271,0.685,0.784
md1_block_af3,md1_block_af3_l73_s203017,73,0,1,2,0.839,0.814,0.135,0.78,0.896
md1_block_af3,md1_block_af3_l73_s203017,73,1,1,1,0.836,0.832,0.29,0.668,0.766
md1_block_af3,md1_block_af3_l73_s203017,73,1,1,2,0.85,0.815,0.144,0.769,0.884
md1_block_af3,md1_block_af3_l73_s203017,73,2,1,1,0.843,0.825,0.242,0.703,0.808
md1_block_af3,md1_block_af3_l73_s203017,73,2,1,2,0.86,0.814,0.137,0.774,0.892
md1_block_af3,md1_block_af3_l73_s203017,73,3,1,1,0.822,0.829,0.263,0.689,0.789
md1_block_af3,md1_block_af3_l73_s203017,73,3,1,2,0.832,0.815,0.136,0.78,0.896
md1_block_af3,md1_block_af3_l73_s203017,73,4,1,1,0.859,0.825,0.24,0.703,0.809
md1_block_af3,md1_block_af3_l73_s203017,73,4,1,2,0.871,0.814,0.134,0.777,0.895
md1_block_af3,md1_block_af3_l76_s316768,76,0,1,1,0.854,0.844,0.451,0.507,0.582
md1_block_af3,md1_block_af3_l76_s316768,76,0,1,2,0.913,0.806,0.157,0.74,0.861
md1_block_af3,md1_block_af3_l76_s316768,76,1,1,1,0.868,0.822,0.318,0.607,0.701
md1_block_af3,md1_block_af3_l76_s316768,76,1,1,2,0.903,0.804,0.14,0.764,0.888
md1_block_af3,md1_block_af3_l76_s316768,76,2,1,1,0.845,0.846,0.463,0.507,0.581
md1_block_af3,md1_block_af3_l76_s316768,76,2,1,2,0.894,0.806,0.158,0.746,0.866
md1_block_af3,md1_block_af3_l76_s316768,76,3,1,1,0.849,0.843,0.44,0.515,0.591
md1_block_af3,md1_block_af3_l76_s316768,76,3,1,2,0.909,0.808,0.165,0.732,0.851
md1_block_af3,md1_block_af3_l76_s316768,76,4,1,1,0.855,0.835,0.414,0.543,0.625
md1_block_af3,md1_block_af3_l76_s316768,76,4,1,2,0.905,0.807,0.169,0.735,0.854
md1_block_af3,md1_block_af3_l79_s263174,79,0,1,1,0.785,0.816,0.221,0.717,0.825
md1_block_af3,md1_block_af3_l79_s263174,79,0,1,2,0.855,0.827,0.245,0.667,0.773
md1_block_af3,md1_block_af3_l79_s263174,79,1,1,1,0.875,0.816,0.218,0.705,0.819
md1_block_af3,md1_block_af3_l79_s263174,79,1,1,2,0.888,0.82,0.198,0.701,0.816
md1_block_af3,md1_block_af3_l79_s263174,79,2,1,1,0.851,0.812,0.193,0.731,0.848
md1_block_af3,md1_block_af3_l79_s263174,79,2,1,2,0.879,0.816,0.173,0.729,0.848
md1_block_af3,md1_block_af3_l79_s263174,79,3,1,1,0.86,0.815,0.212,0.713,0.827
md1_block_af3,md1_block_af3_l79_s263174,79,3,1,2,0.88,0.817,0.182,0.72,0.837
md1_block_af3,md1_block_af3_l79_s263174,79,4,1,1,0.789,0.816,0.217,0.725,0.833
md1_block_af3,md1_block_af3_l79_s263174,79,4,1,2,0.818,0.824,0.224,0.694,0.8
md1_block_af3,md1_block_af3_l82_s806489,82,0,1,1,0.853,0.803,0.173,0.741,0.865
md1_block_af3,md1_block_af3_l82_s806489,82,0,1,2,0.86,0.805,0.137,0.771,0.9
md1_block_af3,md1_block_af3_l82_s806489,82,1,1,1,0.88,0.806,0.181,0.727,0.852
md1_block_af3,md1_block_af3_l82_s806489,82,1,1,2,0.893,0.806,0.143,0.758,0.89
md1_block_af3,md1_block_af3_l82_s806489,82,2,1,1,0.868,0.808,0.192,0.72,0.842
md1_block_af3,md1_block_af3_l82_s806489,82,2,1,2,0.876,0.806,0.153,0.752,0.88
md1_block_af3,md1_block_af3_l82_s806489,82,3,1,1,0.849,0.809,0.202,0.713,0.832
md1_block_af3,md1_block_af3_l82_s806489,82,3,1,2,0.854,0.806,0.15,0.756,0.883
md1_block_af3,md1_block_af3_l82_s806489,82,4,1,1,0.826,0.805,0.183,0.733,0.853
md1_block_af3,md1_block_af3_l82_s806489,82,4,1,2,0.832,0.804,0.136,0.775,0.904
md1_block_af3,md1_block_af3_l85_s940942,85,0,1,1,0.922,0.813,0.235,0.679,0.804
md1_block_af3,md1_block_af3_l85_s940942,85,0,1,2,0.933,0.807,0.155,0.731,0.867
md1_block_af3,md1_block_af3_l85_s940942,85,1,1,1,0.892,0.812,0.23,0.687,0.81
md1_block_af3,md1_block_af3_l85_s940942,85,1,1,2,0.912,0.807,0.159,0.729,0.862
md1_block_af3,md1_block_af3_l85_s940942,85,2,1,1,0.923,0.807,0.194,0.71,0.841
md1_block_af3,md1_block_af3_l85_s940942,85,2,1,2,0.933,0.806,0.152,0.737,0.874
md1_block_af3,md1_block_af3_l85_s940942,85,3,1,1,0.898,0.813,0.232,0.686,0.81
md1_block_af3,md1_block_af3_l85_s940942,85,3,1,2,0.891,0.808,0.161,0.732,0.863
md1_block_af3,md1_block_af3_l85_s940942,85,4,1,1,0.882,0.813,0.234,0.687,0.81
md1_block_af3,md1_block_af3_l85_s940942,85,4,1,2,0.915,0.806,0.154,0.736,0.871
md1_block_af3,md1_block_af3_l85_s132679,85,0,1,1,0.891,0.911,0.844,0.226,0.251
md1_block_af3,md1_block_af3_l85_s132679,85,0,1,2,0.872,0.888,0.717,0.327,0.374
md1_block_af3,md1_block_af3_l85_s132679,85,1,1,1,0.907,0.915,0.863,0.207,0.231
md1_block_af3,md1_block_af3_l85_s132679,85,1,1,2,0.902,0.911,0.83,0.236,0.266
md1_block_af3,md1_block_af3_l85_s132679,85,2,1,1,0.892,0.915,0.863,0.213,0.235
md1_block_af3,md1_block_af3_l85_s132679,85,2,1,2,0.881,0.91,0.827,0.248,0.278
md1_block_af3,md1_block_af3_l85_s132679,85,3,1,1,0.896,0.917,0.871,0.205,0.226
md1_block_af3,md1_block_af3_l85_s132679,85,3,1,2,0.893,0.912,0.834,0.237,0.266
md1_block_af3,md1_block_af3_l85_s132679,85,4,1,1,0.886,0.913,0.853,0.221,0.244
md1_block_af3,md1_block_af3_l85_s132679,85,4,1,2,0.87,0.834,0.427,0.496,0.578
md1_block_af3,md1_block_af3_l91_s212149,91,0,1,1,0.839,0.895,0.775,0.315,0.357
md1_block_af3,md1_block_af3_l91_s212149,91,0,1,2,0.858,0.798,0.205,0.692,0.82
md1_block_af3,md1_block_af3_l91_s212149,91,1,1,1,0.876,0.91,0.838,0.248,0.279
md1_block_af3,md1_block_af3_l91_s212149,91,1,1,2,0.863,0.862,0.576,0.432,0.505
md1_block_af3,md1_block_af3_l91_s212149,91,2,1,1,0.871,0.903,0.801,0.28,0.318
md1_block_af3,md1_block_af3_l91_s212149,91,2,1,2,0.881,0.807,0.245,0.639,0.758
md1_block_af3,md1_block_af3_l91_s212149,91,3,1,1,0.886,0.913,0.851,0.232,0.26
md1_block_af3,md1_block_af3_l91_s212149,91,3,1,2,0.885,0.819,0.328,0.582,0.69
md1_block_af3,md1_block_af3_l91_s212149,91,4,1,1,0.883,0.91,0.84,0.242,0.272
md1_block_af3,md1_block_af3_l91_s212149,91,4,1,2,0.87,0.851,0.514,0.47,0.551
md1_block_af3,md1_block_af3_l93_s322047,93,0,1,1,0.923,0.92,0.866,0.203,0.231
md1_block_af3,md1_block_af3_l93_s322047,93,0,1,2,0.93,0.931,0.896,0.174,0.196
md1_block_af3,md1_block_af3_l93_s322047,93,1,1,1,0.922,0.922,0.874,0.197,0.223
md1_block_af3,md1_block_af3_l93_s322047,93,1,1,2,0.93,0.932,0.9,0.171,0.192
md1_block_af3,md1_block_af3_l93_s322047,93,2,1,1,0.919,0.922,0.872,0.2,0.227
md1_block_af3,md1_block_af3_l93_s322047,93,2,1,2,0.923,0.931,0.895,0.18,0.202
md1_block_af3,md1_block_af3_l93_s322047,93,3,1,1,0.914,0.92,0.863,0.208,0.237
md1_block_af3,md1_block_af3_l93_s322047,93,3,1,2,0.921,0.93,0.89,0.182,0.204
md1_block_af3,md1_block_af3_l93_s322047,93,4,1,1,0.92,0.921,0.868,0.202,0.229
md1_block_af3,md1_block_af3_l93_s322047,93,4,1,2,0.927,0.931,0.896,0.175,0.197
md1_block_af3,md1_block_af3_l93_s196942,93,0,1,1,0.854,0.901,0.774,0.311,0.356
md1_block_af3,md1_block_af3_l93_s196942,93,0,1,2,0.875,0.794,0.167,0.723,0.863
md1_block_af3,md1_block_af3_l93_s196942,93,1,1,1,0.812,0.833,0.406,0.569,0.668
md1_block_af3,md1_block_af3_l93_s196942,93,1,1,2,0.847,0.79,0.146,0.752,0.894
md1_block_af3,md1_block_af3_l93_s196942,93,2,1,1,0.843,0.881,0.66,0.401,0.465
md1_block_af3,md1_block_af3_l93_s196942,93,2,1,2,0.882,0.793,0.161,0.728,0.869
md1_block_af3,md1_block_af3_l93_s196942,93,3,1,1,0.863,0.874,0.631,0.417,0.489
md1_block_af3,md1_block_af3_l93_s196942,93,3,1,2,0.907,0.79,0.146,0.741,0.888
md1_block_af3,md1_block_af3_l93_s196942,93,4,1,1,0.874,0.9,0.766,0.309,0.356
md1_block_af3,md1_block_af3_l93_s196942,93,4,1,2,0.891,0.81,0.246,0.638,0.76
md1_block_af3,md1_block_af3_l94_s405924,94,0,1,1,0.902,0.925,0.901,0.192,0.211
md1_block_af3,md1_block_af3_l94_s405924,94,0,1,2,0.886,0.929,0.898,0.206,0.227
md1_block_af3,md1_block_af3_l94_s405924,94,1,1,1,0.884,0.921,0.889,0.21,0.23
md1_block_af3,md1_block_af3_l94_s405924,94,1,1,2,0.86,0.923,0.862,0.252,0.281
md1_block_af3,md1_block_af3_l94_s405924,94,2,1,1,0.916,0.926,0.906,0.181,0.2
md1_block_af3,md1_block_af3_l94_s405924,94,2,1,2,0.901,0.93,0.901,0.195,0.216
md1_block_af3,md1_block_af3_l94_s405924,94,3,1,1,0.9,0.923,0.894,0.197,0.217
md1_block_af3,md1_block_af3_l94_s405924,94,3,1,2,0.888,0.928,0.89,0.209,0.231
md1_block_af3,md1_block_af3_l94_s405924,94,4,1,1,0.918,0.925,0.907,0.181,0.2
md1_block_af3,md1_block_af3_l94_s405924,94,4,1,2,0.908,0.932,0.907,0.187,0.207
md1_block_af3,md1_block_af3_l95_s871742,95,0,1,1,0.875,0.919,0.876,0.212,0.232
md1_block_af3,md1_block_af3_l95_s871742,95,0,1,2,0.883,0.924,0.877,0.204,0.223
md1_block_af3,md1_block_af3_l95_s871742,95,1,1,1,0.893,0.921,0.881,0.207,0.228
md1_block_af3,md1_block_af3_l95_s871742,95,1,1,2,0.856,0.895,0.748,0.317,0.363
md1_block_af3,md1_block_af3_l95_s871742,95,2,1,1,0.899,0.923,0.895,0.192,0.21
md1_block_af3,md1_block_af3_l95_s871742,95,2,1,2,0.89,0.924,0.885,0.198,0.217
md1_block_af3,md1_block_af3_l95_s871742,95,3,1,1,0.888,0.922,0.89,0.2,0.218
md1_block_af3,md1_block_af3_l95_s871742,95,3,1,2,0.884,0.925,0.884,0.201,0.22
md1_block_af3,md1_block_af3_l95_s871742,95,4,1,1,0.887,0.922,0.889,0.202,0.22
md1_block_af3,md1_block_af3_l95_s871742,95,4,1,2,0.879,0.924,0.88,0.206,0.226
md1_block_af3,md1_block_af3_l100_s435017,100,0,1,1,0.865,0.904,0.81,0.253,0.286
md1_block_af3,md1_block_af3_l100_s435017,100,0,1,2,0.871,0.912,0.818,0.241,0.272
md1_block_af3,md1_block_af3_l100_s435017,100,1,1,1,0.854,0.907,0.824,0.246,0.276
md1_block_af3,md1_block_af3_l100_s435017,100,1,1,2,0.863,0.917,0.848,0.222,0.247
md1_block_af3,md1_block_af3_l100_s435017,100,2,1,1,0.872,0.902,0.799,0.257,0.292
md1_block_af3,md1_block_af3_l100_s435017,100,2,1,2,0.867,0.902,0.774,0.272,0.31
md1_block_af3,md1_block_af3_l100_s435017,100,3,1,1,0.892,0.914,0.856,0.21,0.235
md1_block_af3,md1_block_af3_l100_s435017,100,3,1,2,0.885,0.919,0.855,0.213,0.239
md1_block_af3,md1_block_af3_l100_s435017,100,4,1,1,0.879,0.911,0.839,0.228,0.256
md1_block_af3,md1_block_af3_l100_s435017,100,4,1,2,0.857,0.891,0.717,0.307,0.353
md1_block_af3,md1_block_af3_l101_s822108,101,0,1,1,0.851,0.845,0.531,0.449,0.53
md1_block_af3,md1_block_af3_l101_s822108,101,0,1,2,0.888,0.775,0.164,0.709,0.856
md1_block_af3,md1_block_af3_l101_s822108,101,1,1,1,0.845,0.797,0.297,0.613,0.733
md1_block_af3,md1_block_af3_l101_s822108,101,1,1,2,0.87,0.782,0.206,0.664,0.798
md1_block_af3,md1_block_af3_l101_s822108,101,2,1,1,0.846,0.778,0.218,0.689,0.826
md1_block_af3,md1_block_af3_l101_s822108,101,2,1,2,0.873,0.776,0.168,0.705,0.85
md1_block_af3,md1_block_af3_l101_s822108,101,3,1,1,0.811,0.805,0.334,0.588,0.698
md1_block_af3,md1_block_af3_l101_s822108,101,3,1,2,0.841,0.78,0.192,0.684,0.819
md1_block_af3,md1_block_af3_l101_s822108,101,4,1,1,0.84,0.809,0.35,0.573,0.683
md1_block_af3,md1_block_af3_l101_s822108,101,4,1,2,0.868,0.781,0.199,0.675,0.811
md1_block_af3,md1_block_af3_l103_s579177,103,0,1,1,0.893,0.918,0.877,0.203,0.223
md1_block_af3,md1_block_af3_l103_s579177,103,0,1,2,0.9,0.929,0.89,0.185,0.202
md1_block_af3,md1_block_af3_l103_s579177,103,1,1,1,0.913,0.922,0.891,0.183,0.201
md1_block_af3,md1_block_af3_l103_s579177,103,1,1,2,0.914,0.931,0.895,0.176,0.193
md1_block_af3,md1_block_af3_l103_s579177,103,2,1,1,0.887,0.92,0.881,0.201,0.219
md1_block_af3,md1_block_af3_l103_s579177,103,2,1,2,0.89,0.927,0.882,0.197,0.216
md1_block_af3,md1_block_af3_l103_s579177,103,3,1,1,0.894,0.916,0.872,0.207,0.228
md1_block_af3,md1_block_af3_l103_s579177,103,3,1,2,0.901,0.927,0.884,0.19,0.208
md1_block_af3,md1_block_af3_l103_s579177,103,4,1,1,0.913,0.922,0.891,0.182,0.2
md1_block_af3,md1_block_af3_l103_s579177,103,4,1,2,0.913,0.931,0.896,0.176,0.193
md1_block_af3,md1_block_af3_l106_s329171,106,0,1,1,0.841,0.888,0.738,0.316,0.361
md1_block_af3,md1_block_af3_l106_s329171,106,0,1,2,0.839,0.889,0.719,0.317,0.363
md1_block_af3,md1_block_af3_l106_s329171,106,1,1,1,0.867,0.908,0.834,0.241,0.27
md1_block_af3,md1_block_af3_l106_s329171,106,1,1,2,0.864,0.902,0.78,0.269,0.306
md1_block_af3,md1_block_af3_l106_s329171,106,2,1,1,0.858,0.895,0.772,0.286,0.327
md1_block_af3,md1_block_af3_l106_s329171,106,2,1,2,0.856,0.895,0.747,0.29,0.332
md1_block_af3,md1_block_af3_l106_s329171,106,3,1,1,0.864,0.896,0.776,0.28,0.32
md1_block_af3,md1_block_af3_l106_s329171,106,3,1,2,0.87,0.9,0.767,0.273,0.313
md1_block_af3,md1_block_af3_l106_s329171,106,4,1,1,0.857,0.908,0.832,0.248,0.277
md1_block_af3,md1_block_af3_l106_s329171,106,4,1,2,0.852,0.902,0.774,0.276,0.314
md1_block_af3,md1_block_af3_l106_s391239,106,0,1,1,0.814,0.87,0.632,0.4,0.463
md1_block_af3,md1_block_af3_l106_s391239,106,0,1,2,0.835,0.871,0.611,0.385,0.448
md1_block_af3,md1_block_af3_l106_s391239,106,1,1,1,0.787,0.856,0.562,0.454,0.53
md1_block_af3,md1_block_af3_l106_s391239,106,1,1,2,0.804,0.847,0.491,0.461,0.54
md1_block_af3,md1_block_af3_l106_s391239,106,2,1,1,0.811,0.874,0.651,0.391,0.451
md1_block_af3,md1_block_af3_l106_s391239,106,2,1,2,0.825,0.87,0.603,0.393,0.456
md1_block_af3,md1_block_af3_l106_s391239,106,3,1,1,0.832,0.864,0.601,0.418,0.489
md1_block_af3,md1_block_af3_l106_s391239,106,3,1,2,0.851,0.867,0.588,0.393,0.461
md1_block_af3,md1_block_af3_l106_s391239,106,4,1,1,0.771,0.863,0.595,0.439,0.507
md1_block_af3,md1_block_af3_l106_s391239,106,4,1,2,0.823,0.872,0.616,0.387,0.449
md1_block_af3,md1_block_af3_l106_s979479,106,0,1,1,0.865,0.779,0.206,0.687,0.833
md1_block_af3,md1_block_af3_l106_s979479,106,0,1,2,0.887,0.773,0.15,0.721,0.878
md1_block_af3,md1_block_af3_l106_s979479,106,1,1,1,0.867,0.772,0.176,0.715,0.868
md1_block_af3,md1_block_af3_l106_s979479,106,1,1,2,0.882,0.772,0.136,0.732,0.893
md1_block_af3,md1_block_af3_l106_s979479,106,2,1,1,0.872,0.77,0.169,0.717,0.871
md1_block_af3,md1_block_af3_l106_s979479,106,2,1,2,0.874,0.772,0.135,0.736,0.895
md1_block_af3,md1_block_af3_l106_s979479,106,3,1,1,0.87,0.775,0.185,0.706,0.858
md1_block_af3,md1_block_af3_l106_s979479,106,3,1,2,0.886,0.772,0.137,0.73,0.89
md1_block_af3,md1_block_af3_l106_s979479,106,4,1,1,0.862,0.773,0.179,0.711,0.863
md1_block_af3,md1_block_af3_l106_s979479,106,4,1,2,0.873,0.772,0.14,0.732,0.89
md1_block_af3,md1_block_af3_l107_s119365,107,0,1,1,0.895,0.874,0.681,0.332,0.396
md1_block_af3,md1_block_af3_l107_s119365,107,0,1,2,0.93,0.776,0.191,0.665,0.818
md1_block_af3,md1_block_af3_l107_s119365,107,1,1,1,0.9,0.853,0.581,0.39,0.47
md1_block_af3,md1_block_af3_l107_s119365,107,1,1,2,0.944,0.774,0.185,0.67,0.826
md1_block_af3,md1_block_af3_l107_s119365,107,2,1,1,0.892,0.805,0.36,0.546,0.667
md1_block_af3,md1_block_af3_l107_s119365,107,2,1,2,0.93,0.774,0.178,0.679,0.836
md1_block_af3,md1_block_af3_l107_s119365,107,3,1,1,0.899,0.891,0.757,0.277,0.327
md1_block_af3,md1_block_af3_l107_s119365,107,3,1,2,0.928,0.778,0.202,0.654,0.804
md1_block_af3,md1_block_af3_l107_s119365,107,4,1,1,0.878,0.856,0.598,0.39,0.468
md1_block_af3,md1_block_af3_l107_s119365,107,4,1,2,0.927,0.777,0.199,0.656,0.806
md1_block_af3,md1_block_af3_l107_s377822,107,0,1,1,0.89,0.845,0.519,0.45,0.545
md1_block_af3,md1_block_af3_l107_s377822,107,0,1,2,0.907,0.91,0.799,0.25,0.294
md1_block_af3,md1_block_af3_l107_s377822,107,1,1,1,0.892,0.835,0.476,0.477,0.579
md1_block_af3,md1_block_af3_l107_s377822,107,1,1,2,0.909,0.888,0.697,0.307,0.367
md1_block_af3,md1_block_af3_l107_s377822,107,2,1,1,0.889,0.834,0.47,0.479,0.582
md1_block_af3,md1_block_af3_l107_s377822,107,2,1,2,0.907,0.888,0.697,0.307,0.367
md1_block_af3,md1_block_af3_l107_s377822,107,3,1,1,0.888,0.84,0.493,0.467,0.566
md1_block_af3,md1_block_af3_l107_s377822,107,3,1,2,0.903,0.905,0.774,0.266,0.314
md1_block_af3,md1_block_af3_l107_s377822,107,4,1,1,0.888,0.844,0.516,0.454,0.551
md1_block_af3,md1_block_af3_l107_s377822,107,4,1,2,0.908,0.907,0.783,0.259,0.305
md1_block_af3,md1_block_af3_l108_s442364,108,0,1,1,0.856,0.861,0.599,0.402,0.478
md1_block_af3,md1_block_af3_l108_s442364,108,0,1,2,0.873,0.822,0.394,0.502,0.605
md1_block_af3,md1_block_af3_l108_s442364,108,1,1,1,0.843,0.847,0.526,0.457,0.546
md1_block_af3,md1_block_af3_l108_s442364,108,1,1,2,0.869,0.824,0.401,0.497,0.599
md1_block_af3,md1_block_af3_l108_s442364,108,2,1,1,0.866,0.868,0.627,0.386,0.458
md1_block_af3,md1_block_af3_l108_s442364,108,2,1,2,0.887,0.835,0.453,0.458,0.552
md1_block_af3,md1_block_af3_l108_s442364,108,3,1,1,0.849,0.839,0.49,0.483,0.577
md1_block_af3,md1_block_af3_l108_s442364,108,3,1,2,0.879,0.817,0.369,0.522,0.63
md1_block_af3,md1_block_af3_l108_s442364,108,4,1,1,0.874,0.865,0.62,0.385,0.458
md1_block_af3,md1_block_af3_l108_s442364,108,4,1,2,0.894,0.848,0.519,0.411,0.494
md1_block_af3,md1_block_af3_l109_s223790,109,0,1,1,0.839,0.772,0.227,0.68,0.825
md1_block_af3,md1_block_af3_l109_s223790,109,0,1,2,0.845,0.769,0.171,0.708,0.861
md1_block_af3,md1_block_af3_l109_s223790,109,1,1,1,0.856,0.763,0.194,0.702,0.856
md1_block_af3,md1_block_af3_l109_s223790,109,1,1,2,0.876,0.766,0.159,0.714,0.874
md1_block_af3,md1_block_af3_l109_s223790,109,2,1,1,0.828,0.763,0.193,0.706,0.857
md1_block_af3,md1_block_af3_l109_s223790,109,2,1,2,0.842,0.765,0.149,0.731,0.889
md1_block_af3,md1_block_af3_l109_s223790,109,3,1,1,0.862,0.768,0.207,0.687,0.838
md1_block_af3,md1_block_af3_l109_s223790,109,3,1,2,0.854,0.77,0.177,0.702,0.854
md1_block_af3,md1_block_af3_l109_s223790,109,4,1,1,0.833,0.765,0.204,0.699,0.849
md1_block_af3,md1_block_af3_l109_s223790,109,4,1,2,0.832,0.765,0.156,0.726,0.882
md1_block_af3,md1_block_af3_l109_s539754,109,0,1,1,0.866,0.909,0.828,0.256,0.289
md1_block_af3,md1_block_af3_l109_s539754,109,0,1,2,0.871,0.921,0.857,0.227,0.252
md1_block_af3,md1_block_af3_l109_s539754,109,1,1,1,0.852,0.889,0.734,0.315,0.365
md1_block_af3,md1_block_af3_l109_s539754,109,1,1,2,0.881,0.919,0.849,0.225,0.252
md1_block_af3,md1_block_af3_l109_s539754,109,2,1,1,0.878,0.911,0.837,0.242,0.274
md1_block_af3,md1_block_af3_l109_s539754,109,2,1,2,0.89,0.923,0.867,0.213,0.238
md1_block_af3,md1_block_af3_l109_s539754,109,3,1,1,0.876,0.913,0.847,0.238,0.267
md1_block_af3,md1_block_af3_l109_s539754,109,3,1,2,0.884,0.923,0.868,0.216,0.24
md1_block_af3,md1_block_af3_l109_s539754,109,4,1,1,0.884,0.915,0.857,0.226,0.253
md1_block_af3,md1_block_af3_l109_s539754,109,4,1,2,0.889,0.924,0.87,0.211,0.235
md1_block_af3,md1_block_af3_l110_s952455,110,0,1,1,0.838,0.846,0.554,0.421,0.498
md1_block_af3,md1_block_af3_l110_s952455,110,0,1,2,0.882,0.784,0.212,0.648,0.79
md1_block_af3,md1_block_af3_l110_s952455,110,1,1,1,0.824,0.845,0.543,0.418,0.491
md1_block_af3,md1_block_af3_l110_s952455,110,1,1,2,0.867,0.784,0.209,0.654,0.794
md1_block_af3,md1_block_af3_l110_s952455,110,2,1,1,0.812,0.847,0.563,0.431,0.505
md1_block_af3,md1_block_af3_l110_s952455,110,2,1,2,0.845,0.782,0.202,0.666,0.806
md1_block_af3,md1_block_af3_l110_s952455,110,3,1,1,0.83,0.861,0.622,0.379,0.443
md1_block_af3,md1_block_af3_l110_s952455,110,3,1,2,0.87,0.789,0.239,0.621,0.754
md1_block_af3,md1_block_af3_l110_s952455,110,4,1,1,0.829,0.861,0.614,0.379,0.443
md1_block_af3,md1_block_af3_l110_s952455,110,4,1,2,0.856,0.795,0.259,0.604,0.729
md1_block_af3,md1_block_af3_l111_s379109,111,0,1,1,0.918,0.849,0.548,0.403,0.491
md1_block_af3,md1_block_af3_l111_s379109,111,0,1,2,0.929,0.882,0.665,0.306,0.368
md1_block_af3,md1_block_af3_l111_s379109,111,1,1,1,0.907,0.872,0.648,0.348,0.419
md1_block_af3,md1_block_af3_l111_s379109,111,1,1,2,0.917,0.882,0.662,0.319,0.383
md1_block_af3,md1_block_af3_l111_s379109,111,2,1,1,0.915,0.854,0.567,0.391,0.475
md1_block_af3,md1_block_af3_l111_s379109,111,2,1,2,0.928,0.861,0.568,0.366,0.444
md1_block_af3,md1_block_af3_l111_s379109,111,3,1,1,0.909,0.86,0.594,0.381,0.461
md1_block_af3,md1_block_af3_l111_s379109,111,3,1,2,0.922,0.898,0.742,0.268,0.319
md1_block_af3,md1_block_af3_l111_s379109,111,4,1,1,0.913,0.854,0.566,0.394,0.479
md1_block_af3,md1_block_af3_l111_s379109,111,4,1,2,0.923,0.888,0.697,0.291,0.349
md1_block_af3,md1_block_af3_l113_s311475,113,0,1,1,0.858,0.915,0.854,0.236,0.261
md1_block_af3,md1_block_af3_l113_s311475,113,0,1,2,0.859,0.894,0.732,0.327,0.382
md1_block_af3,md1_block_af3_l113_s311475,113,1,1,1,0.9,0.919,0.872,0.206,0.232
md1_block_af3,md1_block_af3_l113_s311475,113,1,1,2,0.9,0.919,0.843,0.227,0.261
md1_block_af3,md1_block_af3_l113_s311475,113,2,1,1,0.893,0.921,0.879,0.205,0.228
md1_block_af3,md1_block_af3_l113_s311475,113,2,1,2,0.895,0.925,0.869,0.207,0.233
md1_block_af3,md1_block_af3_l113_s311475,113,3,1,1,0.858,0.917,0.862,0.233,0.256
md1_block_af3,md1_block_af3_l113_s311475,113,3,1,2,0.871,0.863,0.59,0.4,0.479
md1_block_af3,md1_block_af3_l113_s311475,113,4,1,1,0.886,0.919,0.87,0.213,0.238
md1_block_af3,md1_block_af3_l113_s311475,113,4,1,2,0.885,0.915,0.825,0.249,0.286
md1_block_af3,md1_block_af3_l113_s247832,113,0,1,1,0.813,0.772,0.214,0.687,0.833
md1_block_af3,md1_block_af3_l113_s247832,113,0,1,2,0.822,0.78,0.202,0.67,0.812
md1_block_af3,md1_block_af3_l113_s247832,113,1,1,1,0.837,0.849,0.564,0.449,0.535
md1_block_af3,md1_block_af3_l113_s247832,113,1,1,2,0.842,0.859,0.576,0.417,0.494
md1_block_af3,md1_block_af3_l113_s247832,113,2,1,1,0.836,0.828,0.469,0.508,0.61
md1_block_af3,md1_block_af3_l113_s247832,113,2,1,2,0.862,0.889,0.718,0.335,0.391
md1_block_af3,md1_block_af3_l113_s247832,113,3,1,1,0.805,0.849,0.561,0.458,0.541
md1_block_af3,md1_block_af3_l113_s247832,113,3,1,2,0.827,0.877,0.654,0.371,0.433
md1_block_af3,md1_block_af3_l113_s247832,113,4,1,1,0.841,0.86,0.616,0.416,0.492
md1_block_af3,md1_block_af3_l113_s247832,113,4,1,2,0.852,0.876,0.651,0.374,0.439
md1_block_af3,md1_block_af3_l114_s155404,114,0,1,1,0.852,0.906,0.802,0.282,0.32
md1_block_af3,md1_block_af3_l114_s155404,114,0,1,2,0.862,0.907,0.784,0.282,0.325
md1_block_af3,md1_block_af3_l114_s155404,114,1,1,1,0.855,0.913,0.833,0.259,0.291
md1_block_af3,md1_block_af3_l114_s155404,114,1,1,2,0.88,0.925,0.865,0.22,0.247
md1_block_af3,md1_block_af3_l114_s155404,114,2,1,1,0.853,0.9,0.777,0.302,0.347
md1_block_af3,md1_block_af3_l114_s155404,114,2,1,2,0.875,0.914,0.812,0.258,0.296
md1_block_af3,md1_block_af3_l114_s155404,114,3,1,1,0.863,0.901,0.783,0.29,0.333
md1_block_af3,md1_block_af3_l114_s155404,114,3,1,2,0.887,0.917,0.83,0.242,0.277
md1_block_af3,md1_block_af3_l114_s155404,114,4,1,1,0.855,0.918,0.852,0.245,0.271
md1_block_af3,md1_block_af3_l114_s155404,114,4,1,2,0.869,0.924,0.861,0.231,0.257
md1_block_af3,md1_block_af3_l115_s504271,115,0,1,1,0.918,0.763,0.191,0.669,0.832
md1_block_af3,md1_block_af3_l115_s504271,115,0,1,2,0.937,0.763,0.149,0.699,0.873
md1_block_af3,md1_block_af3_l115_s504271,115,1,1,1,0.899,0.765,0.197,0.669,0.831
md1_block_af3,md1_block_af3_l115_s504271,115,1,1,2,0.928,0.766,0.158,0.687,0.857
md1_block_af3,md1_block_af3_l115_s504271,115,2,1,1,0.891,0.766,0.202,0.666,0.824
md1_block_af3,md1_block_af3_l115_s504271,115,2,1,2,0.885,0.766,0.162,0.693,0.858
md1_block_af3,md1_block_af3_l115_s504271,115,3,1,1,0.922,0.763,0.19,0.675,0.841
md1_block_af3,md1_block_af3_l115_s504271,115,3,1,2,0.94,0.764,0.151,0.698,0.872
md1_block_af3,md1_block_af3_l115_s504271,115,4,1,1,0.919,0.769,0.215,0.653,0.811
md1_block_af3,md1_block_af3_l115_s504271,115,4,1,2,0.935,0.766,0.166,0.684,0.853
md1_block_af3,md1_block_af3_l119_s184098,119,0,1,1,0.882,0.866,0.657,0.328,0.393
md1_block_af3,md1_block_af3_l119_s184098,119,0,1,2,0.902,0.837,0.511,0.409,0.501
md1_block_af3,md1_block_af3_l119_s184098,119,1,1,1,0.868,0.862,0.648,0.342,0.409
md1_block_af3,md1_block_af3_l119_s184098,119,1,1,2,0.886,0.815,0.4,0.47,0.577
md1_block_af3,md1_block_af3_l119_s184098,119,2,1,1,0.878,0.853,0.598,0.376,0.453
md1_block_af3,md1_block_af3_l119_s184098,119,2,1,2,0.902,0.798,0.333,0.521,0.643
md1_block_af3,md1_block_af3_l119_s184098,119,3,1,1,0.866,0.867,0.665,0.334,0.397
md1_block_af3,md1_block_af3_l119_s184098,119,3,1,2,0.878,0.854,0.583,0.383,0.462
md1_block_af3,md1_block_af3_l119_s184098,119,4,1,1,0.898,0.842,0.557,0.393,0.481
md1_block_af3,md1_block_af3_l119_s184098,119,4,1,2,0.936,0.772,0.224,0.613,0.767
md1_block_af3,md1_block_af3_l119_s949320,119,0,1,1,0.897,0.765,0.231,0.646,0.804
md1_block_af3,md1_block_af3_l119_s949320,119,0,1,2,0.913,0.759,0.168,0.682,0.852
md1_block_af3,md1_block_af3_l119_s949320,119,1,1,1,0.864,0.763,0.229,0.658,0.813
md1_block_af3,md1_block_af3_l119_s949320,119,1,1,2,0.876,0.766,0.201,0.656,0.811
md1_block_af3,md1_block_af3_l119_s949320,119,2,1,1,0.896,0.893,0.777,0.281,0.333
md1_block_af3,md1_block_af3_l119_s949320,119,2,1,2,0.891,0.894,0.767,0.274,0.322
md1_block_af3,md1_block_af3_l119_s949320,119,3,1,1,0.915,0.76,0.221,0.66,0.826
md1_block_af3,md1_block_af3_l119_s949320,119,3,1,2,0.921,0.764,0.189,0.653,0.817
md1_block_af3,md1_block_af3_l119_s949320,119,4,1,1,0.898,0.762,0.217,0.659,0.821
md1_block_af3,md1_block_af3_l119_s949320,119,4,1,2,0.904,0.768,0.206,0.641,0.799
md1_block_af3,md1_block_af3_l119_s414762,119,0,1,1,0.874,0.867,0.659,0.362,0.434
md1_block_af3,md1_block_af3_l119_s414762,119,0,1,2,0.88,0.765,0.176,0.682,0.847
md1_block_af3,md1_block_af3_l119_s414762,119,1,1,1,0.872,0.778,0.272,0.614,0.759
md1_block_af3,md1_block_af3_l119_s414762,119,1,1,2,0.881,0.762,0.161,0.696,0.865
md1_block_af3,md1_block_af3_l119_s414762,119,2,1,1,0.884,0.852,0.591,0.412,0.5
md1_block_af3,md1_block_af3_l119_s414762,119,2,1,2,0.882,0.761,0.16,0.699,0.869
md1_block_af3,md1_block_af3_l119_s414762,119,3,1,1,0.873,0.778,0.268,0.619,0.765
md1_block_af3,md1_block_af3_l119_s414762,119,3,1,2,0.884,0.763,0.167,0.69,0.856
md1_block_af3,md1_block_af3_l119_s414762,119,4,1,1,0.888,0.866,0.653,0.373,0.452
md1_block_af3,md1_block_af3_l119_s414762,119,4,1,2,0.887,0.764,0.17,0.686,0.853
md1_block_af3,md1_block_af3_l120_s175363,120,0,1,1,0.901,0.907,0.833,0.232,0.268
md1_block_af3,md1_block_af3_l120_s175363,120,0,1,2,0.92,0.764,0.172,0.674,0.841
md1_block_af3,md1_block_af3_l120_s175363,120,1,1,1,0.899,0.911,0.848,0.221,0.252
md1_block_af3,md1_block_af3_l120_s175363,120,1,1,2,0.893,0.901,0.776,0.269,0.315
md1_block_af3,md1_block_af3_l120_s175363,120,2,1,1,0.896,0.907,0.836,0.233,0.268
md1_block_af3,md1_block_af3_l120_s175363,120,2,1,2,0.917,0.763,0.169,0.68,0.848
md1_block_af3,md1_block_af3_l120_s175363,120,3,1,1,0.881,0.892,0.77,0.296,0.347
md1_block_af3,md1_block_af3_l120_s175363,120,3,1,2,0.904,0.762,0.16,0.694,0.862
md1_block_af3,md1_block_af3_l120_s175363,120,4,1,1,0.882,0.894,0.777,0.282,0.33
md1_block_af3,md1_block_af3_l120_s175363,120,4,1,2,0.908,0.767,0.186,0.66,0.821
md1_block_af3,md1_block_af3_l121_s972991,121,0,1,1,0.851,0.771,0.259,0.611,0.749
md1_block_af3,md1_block_af3_l121_s972991,121,0,1,2,0.881,0.767,0.205,0.63,0.776
md1_block_af3,md1_block_af3_l121_s972991,121,1,1,1,0.881,0.766,0.24,0.623,0.767
md1_block_af3,md1_block_af3_l121_s972991,121,1,1,2,0.906,0.766,0.208,0.625,0.774
md1_block_af3,md1_block_af3_l121_s972991,121,2,1,1,0.864,0.774,0.277,0.594,0.728
md1_block_af3,md1_block_af3_l121_s972991,121,2,1,2,0.889,0.772,0.237,0.606,0.747
md1_block_af3,md1_block_af3_l121_s972991,121,3,1,1,0.857,0.786,0.332,0.562,0.686
md1_block_af3,md1_block_af3_l121_s972991,121,3,1,2,0.89,0.773,0.235,0.598,0.737
md1_block_af3,md1_block_af3_l121_s972991,121,4,1,1,0.872,0.766,0.245,0.624,0.767
md1_block_af3,md1_block_af3_l121_s972991,121,4,1,2,0.898,0.767,0.206,0.625,0.773
md1_block_af3,md1_block_af3_l125_s571565,125,0,1,1,0.833,0.768,0.256,0.627,0.771
md1_block_af3,md1_block_af3_l125_s571565,125,0,1,2,0.854,0.756,0.153,0.705,0.876
md1_block_af3,md1_block_af3_l125_s571565,125,1,1,1,0.82,0.772,0.27,0.618,0.757
md1_block_af3,md1_block_af3_l125_s571565,125,1,1,2,0.837,0.758,0.168,0.694,0.858
md1_block_af3,md1_block_af3_l125_s571565,125,2,1,1,0.82,0.767,0.258,0.634,0.777
md1_block_af3,md1_block_af3_l125_s571565,125,2,1,2,0.835,0.756,0.155,0.706,0.874
md1_block_af3,md1_block_af3_l125_s571565,125,3,1,1,0.827,0.766,0.261,0.633,0.779
md1_block_af3,md1_block_af3_l125_s571565,125,3,1,2,0.843,0.755,0.155,0.708,0.878
md1_block_af3,md1_block_af3_l125_s571565,125,4,1,1,0.823,0.77,0.266,0.623,0.765
md1_block_af3,md1_block_af3_l125_s571565,125,4,1,2,0.843,0.757,0.16,0.701,0.87
md1_block_af3,md1_block_af3_l125_s964897,125,0,1,1,0.86,0.911,0.841,0.247,0.284
md1_block_af3,md1_block_af3_l125_s964897,125,0,1,2,0.876,0.914,0.844,0.223,0.256
md1_block_af3,md1_block_af3_l125_s964897,125,1,1,1,0.863,0.902,0.808,0.267,0.312
md1_block_af3,md1_block_af3_l125_s964897,125,1,1,2,0.905,0.916,0.848,0.207,0.241
md1_block_af3,md1_block_af3_l125_s964897,125,2,1,1,0.883,0.916,0.862,0.226,0.26
md1_block_af3,md1_block_af3_l125_s964897,125,2,1,2,0.902,0.915,0.847,0.212,0.247
md1_block_af3,md1_block_af3_l125_s964897,125,3,1,1,0.903,0.917,0.865,0.209,0.242
md1_block_af3,md1_block_af3_l125_s964897,125,3,1,2,0.91,0.919,0.862,0.198,0.23
md1_block_af3,md1_block_af3_l125_s964897,125,4,1,1,0.855,0.906,0.823,0.261,0.301
md1_block_af3,md1_block_af3_l125_s964897,125,4,1,2,0.878,0.906,0.81,0.241,0.281
md1_block_af3,md1_block_af3_l128_s523552,128,0,1,1,0.877,0.849,0.58,0.394,0.482
md1_block_af3,md1_block_af3_l128_s523552,128,0,1,2,0.891,0.853,0.573,0.376,0.461
md1_block_af3,md1_block_af3_l128_s523552,128,1,1,1,0.863,0.863,0.638,0.361,0.436
md1_block_af3,md1_block_af3_l128_s523552,128,1,1,2,0.869,0.867,0.632,0.344,0.414
md1_block_af3,md1_block_af3_l128_s523552,128,2,1,1,0.872,0.878,0.697,0.33,0.396
md1_block_af3,md1_block_af3_l128_s523552,128,2,1,2,0.88,0.88,0.69,0.32,0.386
md1_block_af3,md1_block_af3_l128_s523552,128,3,1,1,0.86,0.859,0.62,0.377,0.457
md1_block_af3,md1_block_af3_l128_s523552,128,3,1,2,0.876,0.872,0.655,0.338,0.408
md1_block_af3,md1_block_af3_l128_s523552,128,4,1,1,0.864,0.843,0.553,0.416,0.509
md1_block_af3,md1_block_af3_l128_s523552,128,4,1,2,0.879,0.856,0.585,0.371,0.453
md1_block_af3,md1_block_af3_l129_s690513,129,0,1,1,0.835,0.869,0.671,0.351,0.413
md1_block_af3,md1_block_af3_l129_s690513,129,0,1,2,0.83,0.871,0.67,0.34,0.397
md1_block_af3,md1_block_af3_l129_s690513,129,1,1,1,0.851,0.889,0.749,0.303,0.351
md1_block_af3,md1_block_af3_l129_s690513,129,1,1,2,0.848,0.873,0.677,0.334,0.392
md1_block_af3,md1_block_af3_l129_s690513,129,2,1,1,0.862,0.88,0.718,0.315,0.371
md1_block_af3,md1_block_af3_l129_s690513,129,2,1,2,0.855,0.838,0.541,0.405,0.487
md1_block_af3,md1_block_af3_l129_s690513,129,3,1,1,0.863,0.875,0.699,0.331,0.391
md1_block_af3,md1_block_af3_l129_s690513,129,3,1,2,0.864,0.834,0.538,0.409,0.494
md1_block_af3,md1_block_af3_l129_s690513,129,4,1,1,0.856,0.867,0.666,0.349,0.414
md1_block_af3,md1_block_af3_l129_s690513,129,4,1,2,0.859,0.841,0.554,0.397,0.478
