construct,block,res_a,res_b,n_samples,repro_2of4
FL PARP9 + D3,PARP9,663,743,4,True
FL PARP9 + D3,PARP9,477,488,2,True
FL PARP9 + D3,PARP9,663,740,4,True
FL PARP9 + D3,PARP9,166,557,4,True
FL PARP9 + D3,PARP9,731,751,3,True
FL PARP9 + D3,PARP9,166,174,4,True
FL PARP9 + D3,PARP9,174,638,2,True
FL PARP9 + D3,PARP9,112,477,3,True
FL PARP9 + D3,PARP9,174,191,4,True
FL PARP9 + D3,PARP9,361,370,3,True
FL PARP9 + D3,PARP9,266,557,3,True
FL PARP9 + D3,PARP9,743,751,4,True
FL PARP9 + D3,PARP9,370,382,3,True
FL PARP9 + D3,PARP9,370,382,1,False
FL PARP9 + D3,PARP9,112,488,3,True
FL PARP9 + D3,PARP9,112,174,3,True
FL PARP9 + D3,PARP9,112,266,3,True
FL PARP9 + D3,PARP9,748,751,3,True
FL PARP9 + D3,PARP9,368,382,1,False
FL PARP9 + D3,PARP9,191,557,2,True
FL PARP9 + D3,PARP9,557,477,1,False
FL PARP9 + D3,PARP9,658,663,2,True
FL PARP9 + D3,PARP9,227,266,2,True
FL PARP9 + D3,PARP9,673,688,1,False
FL PARP9 + D3,PARP9,488,505,1,False
FL PARP9 + D3,PARP9,174,212,2,False
FL PARP9 + D3,PARP9,166,638,1,False
FL PARP9 + D3,PARP9,253,300,1,False
FL PARP9 + D3,PARP9,174,266,1,False
FL PARP9 + D3,P9-Dtx3L,567,356,4,True
FL PARP9 + D3,P9-Dtx3L,567,363,1,True
FL PARP9 + D3,P9-Dtx3L,557,401,3,True
FL PARP9 + D3,P9-Dtx3L,557,423,3,True
FL PARP9 + D3,P9-Dtx3L,166,356,2,True
FL PARP9 + D3,P9-Dtx3L,557,363,3,True
FL PARP9 + D3,P9-Dtx3L,688,503,3,True
FL PARP9 + D3,P9-Dtx3L,166,363,3,True
FL PARP9 + D3,P9-Dtx3L,174,337,4,True
FL PARP9 + D3,P9-Dtx3L,166,354,3,True
FL PARP9 + D3,P9-Dtx3L,166,337,3,True
FL PARP9 + D3,P9-Dtx3L,557,356,4,True
FL PARP9 + D3,P9-Dtx3L,166,306,2,True
FL PARP9 + D3,P9-Dtx3L,638,401,2,True
FL PARP9 + D3,P9-Dtx3L,557,316,3,True
FL PARP9 + D3,P9-Dtx3L,166,322,3,True
FL PARP9 + D3,P9-Dtx3L,557,354,2,True
FL PARP9 + D3,P9-Dtx3L,370,337,1,False
FL PARP9 + D3,P9-Dtx3L,459,337,1,False
FL PARP9 + D3,P9-Dtx3L,693,363,1,False
FL PARP9 + D3,P9-Dtx3L,370,259,1,False
FL PARP9 + D3,P9-Dtx3L,266,322,2,True
FL PARP9 + D3,P9-Dtx3L,557,401,1,False
FL PARP9 + D3,P9-Dtx3L,166,335,1,False
FL PARP9 + D3,P9-Dtx3L,266,337,1,False
FL PARP9 + D3,P9-Dtx3L,191,337,1,False
FL PARP9 + D3,DTX3L-DTX3L,306,354,3,True
FL PARP9 + D3,DTX3L-DTX3L,363,354,4,True
FL PARP9 + D3,DTX3L-DTX3L,408,423,3,True
FL PARP9 + D3,DTX3L-DTX3L,253,300,2,True
FL PARP9 + D3,DTX3L-DTX3L,401,337,2,True
FL PARP9 + D3,DTX3L-DTX3L,463,508,4,True
FL PARP9 + D3,DTX3L-DTX3L,463,456,3,True
FL PARP9 + D3,DTX3L-DTX3L,322,316,3,True
FL PARP9 + D3,DTX3L-DTX3L,363,316,2,True
FL PARP9 + D3,DTX3L-DTX3L,423,401,1,False
FL PARP9 + D3,DTX3L-DTX3L,408,415,3,True
FL PARP9 + D3,DTX3L-DTX3L,335,322,3,True
FL PARP9 + D3,DTX3L-DTX3L,363,423,1,False
FL PARP9 + D3,DTX3L-DTX3L,322,337,2,True
FL PARP9 + D3,DTX3L-DTX3L,322,401,1,False
FL PARP9 + D3,DTX3L-DTX3L,412,401,1,False
FL PARP9 + D3,DTX3L-DTX3L,363,415,1,False
FL PARP9 + D3,DTX3L-DTX3L,460,463,1,False
FL PARP9 + D3RD,PARP9,663,743,4,True
FL PARP9 + D3RD,PARP9,166,557,4,True
FL PARP9 + D3RD,PARP9,731,751,4,True
FL PARP9 + D3RD,PARP9,743,751,4,True
FL PARP9 + D3RD,PARP9,174,191,4,True
FL PARP9 + D3RD,PARP9,112,266,4,True
FL PARP9 + D3RD,PARP9,166,174,3,True
FL PARP9 + D3RD,PARP9,361,370,4,True
FL PARP9 + D3RD,PARP9,370,382,3,True
FL PARP9 + D3RD,PARP9,266,557,3,True
FL PARP9 + D3RD,PARP9,748,751,1,False
FL PARP9 + D3RD,PARP9,174,212,2,True
FL PARP9 + D3RD,PARP9,227,266,3,True
FL PARP9 + D3RD,PARP9,663,740,1,False
FL PARP9 + D3RD,PARP9,174,266,3,True
FL PARP9 + D3RD,PARP9,673,688,1,False
FL PARP9 + D3RD,PARP9,412,423,1,False
FL PARP9 + D3RD,PARP9,658,663,2,True
FL PARP9 + D3RD,PARP9,166,637,1,False
FL PARP9 + D3RD,PARP9,477,488,3,True
FL PARP9 + D3RD,PARP9,112,174,2,True
FL PARP9 + D3RD,PARP9,266,337,1,False
FL PARP9 + D3RD,PARP9,731,748,2,True
FL PARP9 + D3RD,PARP9,112,488,2,True
FL PARP9 + D3RD,PARP9,439,485,1,False
FL PARP9 + D3RD,PARP9,408,415,1,False
FL PARP9 + D3RD,PARP9,112,191,1,False
FL PARP9 + D3RD,P9-Dtx3L,557,401,4,True
FL PARP9 + D3RD,P9-Dtx3L,557,363,4,True
FL PARP9 + D3RD,P9-Dtx3L,174,337,3,True
FL PARP9 + D3RD,P9-Dtx3L,166,731,1,False
FL PARP9 + D3RD,P9-Dtx3L,567,356,1,False
FL PARP9 + D3RD,P9-Dtx3L,638,543,1,False
FL PARP9 + D3RD,P9-Dtx3L,266,668,2,True
FL PARP9 + D3RD,P9-Dtx3L,557,356,4,True
FL PARP9 + D3RD,P9-Dtx3L,166,337,2,True
FL PARP9 + D3RD,P9-Dtx3L,638,401,1,False
FL PARP9 + D3RD,P9-Dtx3L,166,363,2,True
FL PARP9 + D3RD,P9-Dtx3L,557,668,1,False
FL PARP9 + D3RD,P9-Dtx3L,166,668,1,False
FL PARP9 + D3RD,P9-Dtx3L,557,316,1,False
FL PARP9 + D3RD,P9-Dtx3L,266,337,1,False
FL PARP9 + D3RD,P9-Dtx3L,688,503,2,True
FL PARP9 + D3RD,P9-Dtx3L,174,731,1,False
FL PARP9 + D3RD,P9-Dtx3L,673,668,2,True
FL PARP9 + D3RD,P9-Dtx3L,488,668,1,False
FL PARP9 + D3RD,P9-Dtx3L,557,423,1,False
FL PARP9 + D3RD,P9-Dtx3L,266,675,1,False
FL PARP9 + D3RD,P9-Dtx3L,174,668,1,False
FL PARP9 + D3RD,DTX3L,668,731,4,True
FL PARP9 + D3RD,DTX3L,668,675,4,True
FL PARP9 + D3RD,DTX3L,306,354,4,True
FL PARP9 + D3RD,DTX3L,363,354,4,True
FL PARP9 + D3RD,DTX3L,668,728,2,True
FL PARP9 + D3RD,DTX3L,543,558,3,True
FL PARP9 + D3RD,DTX3L,543,668,3,True
FL PARP9 + D3RD,DTX3L,423,401,1,False
FL PARP9 + D3RD,DTX3L,456,668,3,True
FL PARP9 + D3RD,DTX3L,408,415,4,True
FL PARP9 + D3RD,DTX3L,558,668,3,True
FL PARP9 + D3RD,DTX3L,663,740,1,False
FL PARP9 + D3RD,DTX3L,335,322,3,True
FL PARP9 + D3RD,DTX3L,408,423,4,True
FL PARP9 + D3RD,DTX3L,322,337,1,False
FL PARP9 + D3RD,DTX3L,456,543,1,False
FL PARP9 + D3RD,DTX3L,412,423,2,True
FL PARP9 + D3RD,DTX3L,412,668,1,False
FL PARP9 + D3RD,DTX3L,731,401,3,True
FL PARP9 + D3RD,DTX3L,460,668,2,True
FL PARP9 + D3RD,DTX3L,731,415,1,False
FL PARP9 + D3RD,DTX3L,363,415,2,True
FL PARP9 + D3RD,DTX3L,363,668,2,True
FL PARP9 + D3RD,DTX3L,356,668,2,True
FL PARP9 + D3RD,DTX3L,463,456,1,False
FL PARP9 + D3RD,DTX3L,728,735,2,True
FL PARP9 + D3RD,DTX3L,675,731,3,True
FL PARP9 + D3RD,DTX3L,322,316,2,True
FL PARP9 + D3RD,DTX3L,668,337,3,True
FL PARP9 + D3RD,DTX3L,363,423,1,False
FL PARP9 + FL DTX3L,PARP9,477,488,4,True
FL PARP9 + FL DTX3L,PARP9,663,743,4,True
FL PARP9 + FL DTX3L,PARP9,166,174,4,True
FL PARP9 + FL DTX3L,PARP9,107,289,4,True
FL PARP9 + FL DTX3L,PARP9,72,289,4,True
FL PARP9 + FL DTX3L,PARP9,658,663,4,True
FL PARP9 + FL DTX3L,PARP9,174,212,4,True
FL PARP9 + FL DTX3L,PARP9,731,748,4,True
FL PARP9 + FL DTX3L,PARP9,485,488,2,False
FL PARP9 + FL DTX3L,PARP9,75,107,1,False
FL PARP9 + FL DTX3L,PARP9,731,751,4,True
FL PARP9 + FL DTX3L,PARP9,439,485,3,True
FL PARP9 + FL DTX3L,PARP9,370,382,3,True
FL PARP9 + FL DTX3L,PARP9,455,488,3,True
FL PARP9 + FL DTX3L,PARP9,382,416,3,True
FL PARP9 + FL DTX3L,PARP9,105,112,4,True
FL PARP9 + FL DTX3L,PARP9,174,191,4,True
FL PARP9 + FL DTX3L,PARP9,557,616,3,True
FL PARP9 + FL DTX3L,PARP9,748,751,4,True
FL PARP9 + FL DTX3L,PARP9,206,382,3,True
FL PARP9 + FL DTX3L,PARP9,743,751,4,True
FL PARP9 + FL DTX3L,PARP9,632,688,3,True
FL PARP9 + FL DTX3L,PARP9,663,740,4,True
FL PARP9 + FL DTX3L,PARP9,632,370,1,False
FL PARP9 + FL DTX3L,PARP9,191,227,3,True
FL PARP9 + FL DTX3L,PARP9,206,253,4,True
FL PARP9 + FL DTX3L,PARP9,166,557,1,False
FL PARP9 + FL DTX3L,PARP9,289,488,3,True
FL PARP9 + FL DTX3L,PARP9,227,266,4,True
FL PARP9 + FL DTX3L,PARP9,438,477,3,True
FL PARP9 + FL DTX3L,PARP9,370,416,1,False
FL PARP9 + FL DTX3L,PARP9,72,477,3,True
FL PARP9 + FL DTX3L,PARP9,488,505,2,True
FL PARP9 + FL DTX3L,PARP9,107,124,3,True
FL PARP9 + FL DTX3L,PARP9,557,632,2,True
FL PARP9 + FL DTX3L,PARP9,112,289,1,False
FL PARP9 + FL DTX3L,PARP9,112,266,1,False
FL PARP9 + FL DTX3L,PARP9,166,632,1,False
FL PARP9 + FL DTX3L,P9-Dtx3L,557,401,4,True
FL PARP9 + FL DTX3L,P9-Dtx3L,632,401,3,True
FL PARP9 + FL DTX3L,P9-Dtx3L,557,363,4,True
FL PARP9 + FL DTX3L,DTX3L,253,300,4,True
FL PARP9 + FL DTX3L,DTX3L,668,731,4,True
FL PARP9 + FL DTX3L,DTX3L,253,331,4,True
FL PARP9 + FL DTX3L,DTX3L,322,247,4,True
FL PARP9 + FL DTX3L,DTX3L,306,354,4,True
FL PARP9 + FL DTX3L,DTX3L,668,728,4,True
FL PARP9 + FL DTX3L,DTX3L,363,354,4,True
FL PARP9 + FL DTX3L,DTX3L,363,316,4,True
FL PARP9 + FL DTX3L,DTX3L,401,316,2,True
FL PARP9 + FL DTX3L,DTX3L,363,320,3,True
FL PARP9 + FL DTX3L,DTX3L,668,675,3,True
FL PARP9 + FL DTX3L,DTX3L,322,316,4,True
FL PARP9 + FL DTX3L,DTX3L,408,423,3,True
FL PARP9 + FL DTX3L,DTX3L,408,415,1,False
FL PARP9 + FL DTX3L,DTX3L,653,668,3,True
FL PARP9 + FL DTX3L,DTX3L,259,668,2,True
FL PARP9 + FL DTX3L,DTX3L,675,247,4,True
FL PARP9 + FL DTX3L,DTX3L,337,593,4,True
FL PARP9 + FL DTX3L,DTX3L,363,401,4,True
FL PARP9 + FL DTX3L,DTX3L,423,401,4,True
FL PARP9 + FL DTX3L,DTX3L,543,558,4,True
FL PARP9 + FL DTX3L,DTX3L,363,415,3,True
FL PARP9 + FL DTX3L,DTX3L,356,401,2,True
FL PARP9 + FL DTX3L,DTX3L,363,367,2,True
FL PARP9 + FL DTX3L,DTX3L,668,247,3,True
FL PARP9 + FL DTX3L,DTX3L,593,675,4,True
FL PARP9 + FL DTX3L,DTX3L,356,367,4,True
FL PARP9 + FL DTX3L,DTX3L,675,728,2,True
FL PARP9 + FL DTX3L,DTX3L,728,735,4,True
FL PARP9 + FL DTX3L,DTX3L,335,363,1,False
FL PARP9 + FL DTX3L,DTX3L,401,543,2,True
FL PARP9 + FL DTX3L,DTX3L,415,367,4,True
FL PARP9 + FL DTX3L,DTX3L,460,521,4,True
FL PARP9 + FL DTX3L,DTX3L,356,337,2,True
FL PARP9 + FL DTX3L,DTX3L,593,728,1,False
FL PARP9 + FL DTX3L,DTX3L,456,401,3,True
FL PARP9 + FL DTX3L,DTX3L,675,731,2,True
FL PARP9 + FL DTX3L,DTX3L,593,668,3,True
FL PARP9 + FL DTX3L,DTX3L,337,728,4,True
FL PARP9 + FL DTX3L,DTX3L,306,337,2,True
FL PARP9 + FL DTX3L,DTX3L,653,401,3,True
FL PARP9 + FL DTX3L,DTX3L,668,401,3,True
FL PARP9 + FL DTX3L,DTX3L,463,456,2,True
FL PARP9 + FL DTX3L,DTX3L,322,306,3,True
FL PARP9 + FL DTX3L,DTX3L,675,684,3,True
FL PARP9 + FL DTX3L,DTX3L,322,401,3,True
FL PARP9 + FL DTX3L,DTX3L,456,543,1,True
FL PARP9 + FL DTX3L,DTX3L,335,322,4,True
FL PARP9 + FL DTX3L,DTX3L,322,337,4,True
FL PARP9 + FL DTX3L,DTX3L,463,508,1,False
FL PARP9 + FL DTX3L,DTX3L,259,653,3,True
FL PARP9 + FL DTX3L,DTX3L,684,728,3,True
FL PARP9 + FL DTX3L,DTX3L,322,728,1,False
FL PARP9 + FL DTX3L,DTX3L,731,259,2,True
FL PARP9 + FL DTX3L,DTX3L,460,463,4,True
FL PARP9 + FL DTX3L,DTX3L,731,401,3,True
FL PARP9 + FL DTX3L,DTX3L,571,728,1,False
FL PARP9 + FL DTX3L,DTX3L,412,653,2,True
FL PARP9 + FL DTX3L,DTX3L,412,401,3,True
FL PARP9 + FL DTX3L,DTX3L,456,728,1,False
FL PARP9 + FL DTX3L,DTX3L,253,337,1,False
FL PARP9 + FL DTX3L,DTX3L,543,653,1,False
FL PARP9 + FL DTX3L,DTX3L,306,728,2,True
FL PARP9 + FL DTX3L,DTX3L,412,675,1,False
FL PARP9 + FL DTX3L,DTX3L,412,316,1,False
FL PARP9 + FL DTX3L,DTX3L,543,668,4,True
FL PARP9 + FL DTX3L,DTX3L,337,316,2,True
FL PARP9 + FL DTX3L,DTX3L,460,653,2,True
FL PARP9 + FL DTX3L,DTX3L,412,653,1,False
FL PARP9 + FL DTX3L,DTX3L,412,555,1,False
FL PARP9 + FL DTX3L,DTX3L,668,316,2,True
FL PARP9 + FL DTX3L,DTX3L,363,408,1,False
FL PARP9 + FL DTX3L,DTX3L,363,653,1,False
FL PARP9 + FL DTX3L,DTX3L,508,501,2,True
FL PARP9 + FL DTX3L,DTX3L,408,668,2,True
FL PARP9 + FL DTX3L,DTX3L,653,728,3,True
FL PARP9 + FL DTX3L,DTX3L,412,728,1,False
FL PARP9 + FL DTX3L,DTX3L,408,316,1,False
FL PARP9 + FL DTX3L,DTX3L,460,668,1,False
FL PARP9 + FL DTX3L,DTX3L,335,247,3,True
FL PARP9 + FL DTX3L,DTX3L,415,401,3,True
FL PARP9 + FL DTX3L,DTX3L,675,363,1,False
FL PARP9 + FL DTX3L,DTX3L,593,684,1,False
FL PARP9 + FL DTX3L,DTX3L,521,543,2,True
FL PARP9 + FL DTX3L,DTX3L,401,728,3,True
FL PARP9 + FL DTX3L,DTX3L,401,354,1,False
FL PARP9 + FL DTX3L,DTX3L,415,354,1,False
FL PARP9 + FL DTX3L,DTX3L,731,412,3,True
FL PARP9 + FL DTX3L,DTX3L,728,728,2,True
FL PARP9 + FL DTX3L,DTX3L,543,728,1,False
FL PARP9 + FL DTX3L,DTX3L,684,709,2,True
FL PARP9 + FL DTX3L,DTX3L,415,408,1,False
FL PARP9 + FL DTX3L,DTX3L,412,259,2,True
FL PARP9 + FL DTX3L,DTX3L,463,306,2,True
FL PARP9 + FL DTX3L,DTX3L,401,337,2,True
FL PARP9 + FL DTX3L,DTX3L,593,731,1,False
FL PARP9 + FL DTX3L,DTX3L,363,731,1,False
FL PARP9 + FL DTX3L,DTX3L,408,408,2,True
FL PARP9 + FL DTX3L,DTX3L,423,408,1,False
FL PARP9 + FL DTX3L,DTX3L,463,668,1,False
FL PARP9 + FL DTX3L,DTX3L,668,322,1,False
FL PARP9 + FL DTX3L,DTX3L,363,668,1,False
FL PARP9 + FL DTX3L,DTX3L,259,337,1,False
FL PARP9 + FL DTX3L,DTX3L,558,668,1,False
FL PARP9 + FL DTX3L,DTX3L,259,728,1,False
FL PARP9 + FL DTX3L,DTX3L,728,731,1,False
FL PARP9 + FL DTX3L,DTX3L,412,668,1,False
