model,construct,n_samples,repro,xl,min_nm,pct_25A,pct_30A,pct_40A
CALVADOS p9_dtx3l,FL PARP9 + D3,4,True,K567-K356,2.37,0.06,0.12,0.301
CALVADOS p9_dtx3l,FL PARP9 + D3,1,True,K567-K363,2.2,0.03,0.12,0.271
CALVADOS p9_dtx3l,FL PARP9 + D3,3,True,K557-K401,1.99,0.03,0.06,0.211
CALVADOS p9_dtx3l,FL PARP9 + D3,3,True,K557-K423,1.21,0.03,0.09,0.301
CALVADOS p9_dtx3l,FL PARP9 + D3,2,True,K166-K356,1.57,0.06,0.15,0.481
CALVADOS p9_dtx3l,FL PARP9 + D3,3,True,K557-K363,2.02,0.03,0.09,0.301
CALVADOS p9_dtx3l,FL PARP9 + D3,3,True,K688-K503,0.99,0.03,0.03,0.15
CALVADOS p9_dtx3l,FL PARP9 + D3,3,True,K166-K363,1.15,0.12,0.241,0.541
CALVADOS p9_dtx3l,FL PARP9 + D3,4,True,K174-K337,1.54,0.06,0.12,0.481
CALVADOS p9_dtx3l,FL PARP9 + D3,3,True,K166-K354,1.39,0.15,0.331,0.511
CALVADOS p9_dtx3l,FL PARP9 + D3,3,True,K166-K337,2.46,0.03,0.12,0.481
CALVADOS p9_dtx3l,FL PARP9 + D3,4,True,K557-K356,2.63,0.0,0.06,0.331
CALVADOS p9_dtx3l,FL PARP9 + D3,2,True,K166-K306,1.68,0.241,0.301,0.451
CALVADOS p9_dtx3l,FL PARP9 + D3,2,True,K638-K401,1.4,0.06,0.06,0.211
CALVADOS p9_dtx3l,FL PARP9 + D3,3,True,K557-K316,1.69,0.06,0.12,0.301
CALVADOS p9_dtx3l,FL PARP9 + D3,3,True,K166-K322,2.51,0.0,0.09,0.511
CALVADOS p9_dtx3l,FL PARP9 + D3,2,True,K557-K354,2.14,0.09,0.15,0.331
CALVADOS p9_dtx3l,FL PARP9 + D3,1,False,K370-K337,2.13,0.12,0.12,0.391
CALVADOS p9_dtx3l,FL PARP9 + D3,1,False,K459-K337,3.17,0.0,0.0,0.361
CALVADOS p9_dtx3l,FL PARP9 + D3,1,False,K693-K363,1.06,0.15,0.271,0.511
CALVADOS p9_dtx3l,FL PARP9 + D3,1,False,K370-K259,0.85,0.06,0.12,0.331
CALVADOS p9_dtx3l,FL PARP9 + D3,2,True,K266-K322,1.84,0.06,0.09,0.331
CALVADOS p9_dtx3l,FL PARP9 + D3,1,False,K557-K401,1.99,0.03,0.06,0.211
CALVADOS p9_dtx3l,FL PARP9 + D3,1,False,K166-K335,2.44,0.03,0.09,0.481
CALVADOS p9_dtx3l,FL PARP9 + D3,1,False,K266-K337,2.47,0.06,0.09,0.361
CALVADOS p9_dtx3l,FL PARP9 + D3,1,False,K191-K337,2.11,0.03,0.09,0.331
CALVADOS p9_dtx3l,FL PARP9 + D3RD,4,True,K557-K401,1.99,0.03,0.06,0.211
CALVADOS p9_dtx3l,FL PARP9 + D3RD,4,True,K557-K363,2.02,0.03,0.09,0.301
CALVADOS p9_dtx3l,FL PARP9 + D3RD,3,True,K174-K337,1.54,0.06,0.12,0.481
CALVADOS p9_dtx3l,FL PARP9 + D3RD,1,False,K166-K731,1.81,0.09,0.18,0.451
CALVADOS p9_dtx3l,FL PARP9 + D3RD,1,False,K567-K356,2.37,0.06,0.12,0.301
CALVADOS p9_dtx3l,FL PARP9 + D3RD,1,False,K638-K543,2.98,0.0,0.03,0.211
CALVADOS p9_dtx3l,FL PARP9 + D3RD,2,True,K266-K668,2.2,0.09,0.15,0.361
CALVADOS p9_dtx3l,FL PARP9 + D3RD,4,True,K557-K356,2.63,0.0,0.06,0.331
CALVADOS p9_dtx3l,FL PARP9 + D3RD,2,True,K166-K337,2.46,0.03,0.12,0.481
CALVADOS p9_dtx3l,FL PARP9 + D3RD,1,False,K638-K401,1.4,0.06,0.06,0.211
CALVADOS p9_dtx3l,FL PARP9 + D3RD,2,True,K166-K363,1.15,0.12,0.241,0.541
CALVADOS p9_dtx3l,FL PARP9 + D3RD,1,False,K557-K668,2.11,0.03,0.12,0.391
CALVADOS p9_dtx3l,FL PARP9 + D3RD,1,False,K166-K668,1.23,0.12,0.18,0.451
CALVADOS p9_dtx3l,FL PARP9 + D3RD,1,False,K557-K316,1.69,0.06,0.12,0.301
CALVADOS p9_dtx3l,FL PARP9 + D3RD,1,False,K266-K337,2.47,0.06,0.09,0.361
CALVADOS p9_dtx3l,FL PARP9 + D3RD,2,True,K688-K503,0.99,0.03,0.03,0.15
CALVADOS p9_dtx3l,FL PARP9 + D3RD,1,False,K174-K731,1.4,0.12,0.271,0.451
CALVADOS p9_dtx3l,FL PARP9 + D3RD,2,True,K673-K668,2.69,0.0,0.06,0.211
CALVADOS p9_dtx3l,FL PARP9 + D3RD,1,False,K488-K668,2.35,0.03,0.09,0.421
CALVADOS p9_dtx3l,FL PARP9 + D3RD,1,False,K557-K423,1.21,0.03,0.09,0.301
CALVADOS p9_dtx3l,FL PARP9 + D3RD,1,False,K266-K675,2.11,0.06,0.09,0.421
CALVADOS p9_dtx3l,FL PARP9 + D3RD,1,False,K174-K668,1.22,0.12,0.301,0.541
CALVADOS p9_dtx3l,FL PARP9 + FL DTX3L,4,True,K557-K401,1.99,0.03,0.06,0.211
CALVADOS p9_dtx3l,FL PARP9 + FL DTX3L,3,True,K632-K401,1.38,0.09,0.09,0.271
CALVADOS p9_dtx3l,FL PARP9 + FL DTX3L,4,True,K557-K363,2.02,0.03,0.09,0.301
HyRes (3 reps),FL PARP9 + D3,4,True,K567-K356,0.72,99.933,100.0,100.0
HyRes (3 reps),FL PARP9 + D3,1,True,K567-K363,0.59,100.0,100.0,100.0
HyRes (3 reps),FL PARP9 + D3,3,True,K557-K401,0.89,100.0,100.0,100.0
HyRes (3 reps),FL PARP9 + D3,3,True,K557-K423,1.24,100.0,100.0,100.0
HyRes (3 reps),FL PARP9 + D3,2,True,K166-K356,3.92,0.0,0.0,0.4
HyRes (3 reps),FL PARP9 + D3,3,True,K557-K363,0.61,96.933,99.6,100.0
HyRes (3 reps),FL PARP9 + D3,3,True,K688-K503,1.06,96.267,99.933,100.0
HyRes (3 reps),FL PARP9 + D3,3,True,K166-K363,4.0,0.0,0.0,0.0
HyRes (3 reps),FL PARP9 + D3,4,True,K174-K337,2.18,1.6,12.933,68.933
HyRes (3 reps),FL PARP9 + D3,3,True,K166-K354,3.73,0.0,0.0,0.4
HyRes (3 reps),FL PARP9 + D3,3,True,K166-K337,2.13,0.867,17.533,70.533
HyRes (3 reps),FL PARP9 + D3,4,True,K557-K356,1.3,91.733,96.667,99.867
HyRes (3 reps),FL PARP9 + D3,2,True,K166-K306,3.63,0.0,0.0,0.867
HyRes (3 reps),FL PARP9 + D3,2,True,K638-K401,2.3,0.467,10.133,82.2
HyRes (3 reps),FL PARP9 + D3,3,True,K557-K316,0.76,93.267,96.2,99.6
HyRes (3 reps),FL PARP9 + D3,3,True,K166-K322,2.84,0.0,0.467,57.067
HyRes (3 reps),FL PARP9 + D3,2,True,K557-K354,1.61,70.733,95.667,99.333
HyRes (3 reps),FL PARP9 + D3,1,False,K370-K337,3.99,0.0,0.0,0.067
HyRes (3 reps),FL PARP9 + D3,1,False,K459-K337,2.81,0.0,0.267,9.533
HyRes (3 reps),FL PARP9 + D3,1,False,K693-K363,4.52,0.0,0.0,0.0
HyRes (3 reps),FL PARP9 + D3,1,False,K370-K259,3.2,0.0,0.0,1.267
HyRes (3 reps),FL PARP9 + D3,2,True,K266-K322,2.98,0.0,0.067,3.8
HyRes (3 reps),FL PARP9 + D3,1,False,K557-K401,0.89,100.0,100.0,100.0
HyRes (3 reps),FL PARP9 + D3,1,False,K166-K335,2.67,0.0,2.467,60.933
HyRes (3 reps),FL PARP9 + D3,1,False,K266-K337,3.12,0.0,0.0,5.6
HyRes (3 reps),FL PARP9 + D3,1,False,K191-K337,2.49,0.067,5.267,65.2
HyRes (3 reps),FL PARP9 + D3RD,4,True,K557-K401,0.89,100.0,100.0,100.0
HyRes (3 reps),FL PARP9 + D3RD,4,True,K557-K363,0.61,96.933,99.6,100.0
HyRes (3 reps),FL PARP9 + D3RD,3,True,K174-K337,2.18,1.6,12.933,68.933
HyRes (3 reps),FL PARP9 + D3RD,1,False,K166-K731,1.93,11.6,52.667,79.467
HyRes (3 reps),FL PARP9 + D3RD,1,False,K567-K356,0.72,99.933,100.0,100.0
HyRes (3 reps),FL PARP9 + D3RD,1,False,K638-K543,0.59,44.867,53.733,66.2
HyRes (3 reps),FL PARP9 + D3RD,2,True,K266-K668,1.9,2.467,4.533,4.933
HyRes (3 reps),FL PARP9 + D3RD,4,True,K557-K356,1.3,91.733,96.667,99.867
HyRes (3 reps),FL PARP9 + D3RD,2,True,K166-K337,2.13,0.867,17.533,70.533
HyRes (3 reps),FL PARP9 + D3RD,1,False,K638-K401,2.3,0.467,10.133,82.2
HyRes (3 reps),FL PARP9 + D3RD,2,True,K166-K363,4.0,0.0,0.0,0.0
HyRes (3 reps),FL PARP9 + D3RD,1,False,K557-K668,3.18,0.0,0.0,5.8
HyRes (3 reps),FL PARP9 + D3RD,1,False,K166-K668,2.16,6.867,28.8,57.533
HyRes (3 reps),FL PARP9 + D3RD,1,False,K557-K316,0.76,93.267,96.2,99.6
HyRes (3 reps),FL PARP9 + D3RD,1,False,K266-K337,3.12,0.0,0.0,5.6
HyRes (3 reps),FL PARP9 + D3RD,2,True,K688-K503,1.06,96.267,99.933,100.0
HyRes (3 reps),FL PARP9 + D3RD,1,False,K174-K731,1.72,13.0,33.667,66.733
HyRes (3 reps),FL PARP9 + D3RD,2,True,K673-K668,1.0,25.867,30.4,34.667
HyRes (3 reps),FL PARP9 + D3RD,1,False,K488-K668,3.04,0.0,0.0,4.333
HyRes (3 reps),FL PARP9 + D3RD,1,False,K557-K423,1.24,100.0,100.0,100.0
HyRes (3 reps),FL PARP9 + D3RD,1,False,K266-K675,2.19,0.333,2.467,5.0
HyRes (3 reps),FL PARP9 + D3RD,1,False,K174-K668,2.36,0.467,21.8,62.333
HyRes (3 reps),FL PARP9 + FL DTX3L,4,True,K557-K401,0.89,100.0,100.0,100.0
HyRes (3 reps),FL PARP9 + FL DTX3L,3,True,K632-K401,1.45,5.333,21.067,71.333
HyRes (3 reps),FL PARP9 + FL DTX3L,4,True,K557-K363,0.61,96.933,99.6,100.0
