system,variant,pair,n_rep,bound_frac_mean,bound_frac_range,survival_ns_median,survival_ns_range,reps_bound_throughout,final_min_dist_nm
dtx3l_homo,binding,dtx3l-dtx3l,5,0.063,0.04-0.08,498.5,485-500,0,6.8
dtx3l_homo_docked,binding,dtx3l-dtx3l,5,0.074,0.05-0.11,489.5,476-496,0,10.2
p14_dtx3l,binding,parp14-dtx3l,5,0.149,0.13-0.20,490.5,461-498,0,10.9
p14_dtx3l_docked,binding,parp14-dtx3l,5,0.132,0.12-0.15,481.0,455-500,0,12.5
ternary,binding,parp14-dtx3l,5,0.1,0.06-0.17,488.0,460-498,0,8.2
ternary_docked,binding,parp14-dtx3l,5,0.249,0.09-0.67,484.5,474-500,0,4.3
p14_homo,binding,parp14-parp14,5,0.18,0.11-0.21,488.0,474-498,0,7.1
p14_p9,binding,parp14-parp9,5,0.124,0.08-0.22,494.0,468-498,0,9.9
p14_p9_docked,binding,parp14-parp9,5,0.124,0.08-0.19,497.0,480-500,0,3.9
ternary,binding,parp14-parp9,5,0.13,0.09-0.17,469.5,406-482,0,10.9
ternary_docked,binding,parp14-parp9,5,0.131,0.09-0.20,491.5,462-500,0,7.3
p9_dtx3l,binding,parp9-dtx3l,7,0.081,0.02-0.16,494.5,412-500,0,7.8
p9_dtx3l_docked,binding,parp9-dtx3l,5,0.094,0.07-0.14,487.0,477-494,0,11.1
ternary,binding,parp9-dtx3l,5,0.077,0.05-0.12,475.5,454-494,0,7.1
ternary_docked,binding,parp9-dtx3l,5,0.068,0.04-0.10,488.0,396-497,0,8.1
p9_homo,binding,parp9-parp9,5,0.06,0.02-0.11,488.0,454-500,0,8.9
