set,chain,domain,face,n_res,n_res_exposed,contacts_per_frame,frac_domain_contacts,enrichment,enrichment_uncorrected,domain_contact_freq,n_separations,tau_mean_ns
p9_dtx3l,parp9#1,1/2KH1a,front,12,3,0.0429,0.4193,1.603,1.293,0.009,101,0.3
p9_dtx3l,parp9#1,1/2KH1a,rim,12,5,0.0304,0.2965,1.302,0.914,0.009,101,0.3
p9_dtx3l,parp9#1,1/2KH1a,back,13,12,0.0291,0.2842,0.724,0.809,0.009,101,0.3
p9_dtx3l,parp9#1,MD1,active,59,30,0.2465,0.4112,1.293,1.324,0.0253,199,0.42
p9_dtx3l,parp9#1,MD1,rim,84,37,0.2241,0.3738,1.132,0.846,0.0253,199,0.42
p9_dtx3l,parp9#1,MD1,back,47,42,0.1289,0.215,0.674,0.869,0.0253,199,0.42
p9_dtx3l,parp9#1,MD2,active,56,36,0.1744,0.4129,1.174,1.349,0.0218,182,0.4
p9_dtx3l,parp9#1,MD2,rim,80,34,0.1508,0.357,0.952,0.817,0.0218,182,0.4
p9_dtx3l,parp9#1,MD2,back,47,29,0.0972,0.2301,0.84,0.896,0.0218,182,0.4
p9_dtx3l,parp9#1,1/2KH1b,front,8,6,0.0173,0.2984,0.82,0.895,0.0073,88,0.28
p9_dtx3l,parp9#1,1/2KH1b,rim,8,3,0.0125,0.2145,0.796,0.644,0.0073,88,0.28
p9_dtx3l,parp9#1,1/2KH1b,back,8,3,0.0283,0.487,1.564,1.461,0.0073,88,0.28
p9_dtx3l,parp9#1,KH2,front,16,12,0.0739,0.2447,0.95,1.224,0.0182,155,0.39
p9_dtx3l,parp9#1,KH2,rim,41,17,0.1266,0.4195,0.898,0.819,0.0182,155,0.39
p9_dtx3l,parp9#1,KH2,back,23,12,0.1014,0.3358,1.194,1.168,0.0182,155,0.39
p9_dtx3l,parp9#1,ART,active,55,27,0.191,0.409,1.222,1.339,0.023,195,0.39
p9_dtx3l,parp9#1,ART,rim,75,33,0.1341,0.2871,0.88,0.689,0.023,195,0.39
p9_dtx3l,parp9#1,ART,back,50,35,0.1419,0.3039,0.942,1.094,0.023,195,0.39
p9_dtx3l,dtx3l#2,RRM,front,24,13,0.0656,0.3062,0.932,0.982,0.0119,118,0.34
p9_dtx3l,dtx3l#2,RRM,rim,24,6,0.0358,0.167,0.556,0.536,0.0119,118,0.34
p9_dtx3l,dtx3l#2,RRM,back,29,21,0.1129,0.5268,1.169,1.399,0.0119,118,0.34
p9_dtx3l,dtx3l#2,KH1,front,12,12,0.0283,0.2142,0.846,1.143,0.0095,97,0.33
p9_dtx3l,dtx3l#2,KH1,rim,33,17,0.0581,0.4403,0.958,0.854,0.0095,97,0.33
p9_dtx3l,dtx3l#2,KH1,back,19,7,0.0456,0.3455,1.367,1.164,0.0095,97,0.33
p9_dtx3l,dtx3l#2,KH2,front,20,13,0.0998,0.3674,1.057,1.286,0.0153,147,0.35
p9_dtx3l,dtx3l#2,KH2,rim,27,11,0.0802,0.2952,0.933,0.765,0.0153,147,0.35
p9_dtx3l,dtx3l#2,KH2,back,23,13,0.0916,0.3373,1.0,1.027,0.0153,147,0.35
p9_dtx3l,dtx3l#2,KH3,front,18,7,0.0697,0.3344,1.226,1.077,0.0113,125,0.3
p9_dtx3l,dtx3l#2,KH3,rim,20,9,0.0611,0.2934,0.993,0.851,0.0113,125,0.3
p9_dtx3l,dtx3l#2,KH3,back,20,14,0.0775,0.3722,0.891,1.079,0.0113,125,0.3
p9_dtx3l,dtx3l#2,KH4,front,19,10,0.1027,0.4165,1.202,1.534,0.0152,131,0.38
p9_dtx3l,dtx3l#2,KH4,rim,27,10,0.0685,0.2777,0.957,0.72,0.0152,131,0.38
p9_dtx3l,dtx3l#2,KH4,back,24,15,0.0754,0.3058,0.894,0.892,0.0152,131,0.38
p9_dtx3l,dtx3l#2,KH5,front,18,7,0.0607,0.3375,1.032,1.106,0.0127,130,0.32
p9_dtx3l,dtx3l#2,KH5,rim,23,9,0.0467,0.2599,0.776,0.667,0.0127,130,0.32
p9_dtx3l,dtx3l#2,KH5,back,18,15,0.0724,0.4027,1.119,1.32,0.0127,130,0.32
p9_dtx3l,dtx3l#2,RING,active,16,9,0.0832,0.345,1.077,1.121,0.0133,122,0.36
p9_dtx3l,dtx3l#2,RING,rim,23,10,0.0869,0.3599,0.83,0.814,0.0133,122,0.36
p9_dtx3l,dtx3l#2,RING,back,13,8,0.0712,0.2951,1.125,1.18,0.0133,122,0.36
p9_dtx3l,dtx3l#2,DTC,active,35,19,0.2621,0.3738,1.276,1.388,0.0256,161,0.53
p9_dtx3l,dtx3l#2,DTC,rim,55,26,0.204,0.2909,0.782,0.688,0.0256,161,0.53
p9_dtx3l,dtx3l#2,DTC,back,40,26,0.2351,0.3353,1.016,1.09,0.0256,161,0.53
p9_dtx3l_docked,parp9#1,1/2KH1a,front,12,4,0.0599,0.5028,1.862,1.55,0.0112,82,0.32
p9_dtx3l_docked,parp9#1,1/2KH1a,rim,12,3,0.0341,0.2864,1.733,0.883,0.0112,82,0.32
p9_dtx3l_docked,parp9#1,1/2KH1a,back,13,12,0.0251,0.2107,0.53,0.6,0.0112,82,0.32
p9_dtx3l_docked,parp9#1,MD1,active,57,32,0.2152,0.36,1.12,1.2,0.0255,136,0.45
p9_dtx3l_docked,parp9#1,MD1,rim,86,38,0.2339,0.3914,1.118,0.865,0.0255,136,0.45
p9_dtx3l_docked,parp9#1,MD1,back,47,40,0.1485,0.2486,0.792,1.005,0.0255,136,0.45
p9_dtx3l_docked,parp9#1,MD2,active,55,37,0.1869,0.478,1.293,1.591,0.0212,148,0.34
p9_dtx3l_docked,parp9#1,MD2,rim,81,34,0.1499,0.3835,1.084,0.866,0.0212,148,0.34
p9_dtx3l_docked,parp9#1,MD2,back,47,27,0.0541,0.1385,0.493,0.539,0.0212,148,0.34
p9_dtx3l_docked,parp9#1,1/2KH1b,front,7,7,0.0213,0.25,1.035,0.857,0.0089,74,0.29
p9_dtx3l_docked,parp9#1,1/2KH1b,rim,9,5,0.0219,0.2569,1.008,0.685,0.0089,74,0.29
p9_dtx3l_docked,parp9#1,1/2KH1b,back,8,1,0.042,0.4931,0.716,1.479,0.0089,74,0.29
p9_dtx3l_docked,parp9#1,KH2,front,16,12,0.0955,0.2687,1.022,1.344,0.0193,114,0.4
p9_dtx3l_docked,parp9#1,KH2,rim,42,21,0.1769,0.4979,1.071,0.948,0.0193,114,0.4
p9_dtx3l_docked,parp9#1,KH2,back,22,13,0.0829,0.2334,0.866,0.849,0.0193,114,0.4
p9_dtx3l_docked,parp9#1,ART,active,57,34,0.2145,0.4836,1.377,1.527,0.0226,125,0.43
p9_dtx3l_docked,parp9#1,ART,rim,75,31,0.1041,0.2347,0.717,0.563,0.0226,125,0.43
p9_dtx3l_docked,parp9#1,ART,back,48,37,0.125,0.2818,0.891,1.057,0.0226,125,0.43
p9_dtx3l_docked,dtx3l#2,RRM,front,25,14,0.0796,0.3459,1.008,1.065,0.014,96,0.35
p9_dtx3l_docked,dtx3l#2,RRM,rim,24,6,0.0324,0.1409,0.596,0.452,0.014,96,0.35
p9_dtx3l_docked,dtx3l#2,RRM,back,28,19,0.1181,0.5132,1.121,1.411,0.014,96,0.35
p9_dtx3l_docked,dtx3l#2,KH1,front,13,13,0.0675,0.2603,0.947,1.282,0.0145,97,0.35
p9_dtx3l_docked,dtx3l#2,KH1,rim,34,14,0.1356,0.5232,1.106,0.985,0.0145,97,0.35
p9_dtx3l_docked,dtx3l#2,KH1,back,17,7,0.0561,0.2164,0.887,0.815,0.0145,97,0.35
p9_dtx3l_docked,dtx3l#2,KH2,front,20,11,0.1136,0.4618,1.559,1.616,0.0139,93,0.35
p9_dtx3l_docked,dtx3l#2,KH2,rim,28,14,0.0811,0.3297,0.926,0.824,0.0139,93,0.35
p9_dtx3l_docked,dtx3l#2,KH2,back,22,14,0.0513,0.2085,0.634,0.663,0.0139,93,0.35
p9_dtx3l_docked,dtx3l#2,KH3,front,18,7,0.0286,0.1842,0.595,0.593,0.0097,83,0.28
p9_dtx3l_docked,dtx3l#2,KH3,rim,21,9,0.0464,0.2985,0.945,0.824,0.0097,83,0.28
p9_dtx3l_docked,dtx3l#2,KH3,back,19,15,0.0804,0.5173,1.222,1.579,0.0097,83,0.28
p9_dtx3l_docked,dtx3l#2,KH4,front,20,11,0.0624,0.3688,1.287,1.291,0.0112,81,0.33
p9_dtx3l_docked,dtx3l#2,KH4,rim,25,11,0.0387,0.2285,0.768,0.64,0.0112,81,0.33
p9_dtx3l_docked,dtx3l#2,KH4,back,25,14,0.0681,0.4027,0.957,1.128,0.0112,81,0.33
p9_dtx3l_docked,dtx3l#2,KH5,front,17,8,0.044,0.2707,0.755,0.94,0.0115,83,0.33
p9_dtx3l_docked,dtx3l#2,KH5,rim,25,14,0.0557,0.3421,0.939,0.807,0.0115,83,0.33
p9_dtx3l_docked,dtx3l#2,KH5,back,17,13,0.063,0.3872,1.217,1.344,0.0115,83,0.33
p9_dtx3l_docked,dtx3l#2,RING,active,13,7,0.0413,0.2466,1.046,0.986,0.0104,78,0.32
p9_dtx3l_docked,dtx3l#2,RING,rim,27,15,0.0768,0.459,0.873,0.884,0.0104,78,0.32
p9_dtx3l_docked,dtx3l#2,RING,back,12,7,0.0493,0.2944,1.225,1.276,0.0104,78,0.32
p9_dtx3l_docked,dtx3l#2,DTC,active,34,22,0.2472,0.3308,1.111,1.265,0.026,126,0.49
p9_dtx3l_docked,dtx3l#2,DTC,rim,57,24,0.2585,0.3459,0.941,0.789,0.026,126,0.49
p9_dtx3l_docked,dtx3l#2,DTC,back,39,23,0.2417,0.3233,0.956,1.078,0.026,126,0.49
dtx3l_homo,dtx3l#1,RRM,front,26,15,0.0577,0.446,1.259,1.321,0.0088,80,0.26
dtx3l_homo,dtx3l#1,RRM,rim,21,8,0.022,0.1699,0.761,0.623,0.0088,80,0.26
dtx3l_homo,dtx3l#1,RRM,back,30,16,0.0497,0.3841,0.877,0.986,0.0088,80,0.26
dtx3l_homo,dtx3l#1,KH1,front,13,10,0.0179,0.1765,0.649,0.869,0.0072,58,0.29
dtx3l_homo,dtx3l#1,KH1,rim,31,17,0.0508,0.4996,1.121,1.031,0.0072,58,0.29
dtx3l_homo,dtx3l#1,KH1,back,20,7,0.0329,0.3239,1.206,1.037,0.0072,58,0.29
dtx3l_homo,dtx3l#1,KH2,front,21,13,0.0586,0.4143,1.423,1.381,0.0094,77,0.29
dtx3l_homo,dtx3l#1,KH2,rim,27,16,0.0398,0.2815,0.728,0.73,0.0094,77,0.29
dtx3l_homo,dtx3l#1,KH2,back,22,11,0.043,0.3042,0.896,0.968,0.0094,77,0.29
dtx3l_homo,dtx3l#1,KH3,front,17,9,0.0184,0.2514,1.08,0.858,0.0058,45,0.31
dtx3l_homo,dtx3l#1,KH3,rim,21,13,0.0152,0.2088,0.739,0.577,0.0058,45,0.31
dtx3l_homo,dtx3l#1,KH3,back,20,9,0.0394,0.5398,1.297,1.565,0.0058,45,0.31
dtx3l_homo,dtx3l#1,KH4,front,20,11,0.0442,0.3998,1.216,1.399,0.0081,62,0.31
dtx3l_homo,dtx3l#1,KH4,rim,25,14,0.0254,0.23,0.749,0.644,0.0081,62,0.31
dtx3l_homo,dtx3l#1,KH4,back,25,14,0.0409,0.3701,1.081,1.036,0.0081,62,0.31
dtx3l_homo,dtx3l#1,KH5,front,17,7,0.0188,0.2605,1.05,0.904,0.0061,59,0.24
dtx3l_homo,dtx3l#1,KH5,rim,23,11,0.0212,0.2944,0.747,0.755,0.0061,59,0.24
dtx3l_homo,dtx3l#1,KH5,back,19,16,0.0321,0.4451,1.152,1.382,0.0061,59,0.24
dtx3l_homo,dtx3l#1,RING,active,16,9,0.0264,0.3131,1.007,1.017,0.0071,61,0.28
dtx3l_homo,dtx3l#1,RING,rim,23,16,0.0395,0.4676,1.06,1.057,0.0071,61,0.28
dtx3l_homo,dtx3l#1,RING,back,13,8,0.0185,0.2193,0.872,0.877,0.0071,61,0.28
dtx3l_homo,dtx3l#1,DTC,active,36,20,0.1986,0.3747,1.223,1.353,0.0195,100,0.46
dtx3l_homo,dtx3l#1,DTC,rim,54,20,0.1646,0.3107,0.773,0.748,0.0195,100,0.46
dtx3l_homo,dtx3l#1,DTC,back,40,26,0.1667,0.3146,1.003,1.023,0.0195,100,0.46
dtx3l_homo,dtx3l#2,RRM,front,25,14,0.0648,0.3756,1.171,1.157,0.0121,98,0.29
dtx3l_homo,dtx3l#2,RRM,rim,24,9,0.0258,0.1493,0.591,0.479,0.0121,98,0.29
dtx3l_homo,dtx3l#2,RRM,back,28,18,0.082,0.4751,1.072,1.307,0.0121,98,0.29
dtx3l_homo,dtx3l#2,KH1,front,15,13,0.032,0.1836,0.628,0.783,0.012,92,0.31
dtx3l_homo,dtx3l#2,KH1,rim,29,15,0.0773,0.4435,1.117,0.979,0.012,92,0.31
dtx3l_homo,dtx3l#2,KH1,back,20,7,0.065,0.3729,1.439,1.193,0.012,92,0.31
dtx3l_homo,dtx3l#2,KH2,front,21,12,0.0474,0.4119,1.199,1.373,0.0077,60,0.3
dtx3l_homo,dtx3l#2,KH2,rim,25,11,0.0342,0.297,0.941,0.832,0.0077,60,0.3
dtx3l_homo,dtx3l#2,KH2,back,24,14,0.0335,0.2911,0.876,0.849,0.0077,60,0.3
dtx3l_homo,dtx3l#2,KH3,front,18,9,0.021,0.3144,1.057,1.013,0.0049,47,0.25
dtx3l_homo,dtx3l#2,KH3,rim,21,9,0.0157,0.2348,0.76,0.649,0.0049,47,0.25
dtx3l_homo,dtx3l#2,KH3,back,19,13,0.0301,0.4508,1.127,1.376,0.0049,47,0.25
dtx3l_homo,dtx3l#2,KH4,front,19,10,0.0493,0.5118,1.494,1.886,0.0072,50,0.34
dtx3l_homo,dtx3l#2,KH4,rim,26,12,0.0193,0.2,0.657,0.538,0.0072,50,0.34
dtx3l_homo,dtx3l#2,KH4,back,25,15,0.0278,0.2882,0.945,0.807,0.0072,50,0.34
dtx3l_homo,dtx3l#2,KH5,front,16,8,0.0306,0.4056,1.512,1.496,0.0056,43,0.31
dtx3l_homo,dtx3l#2,KH5,rim,24,8,0.017,0.2257,0.56,0.555,0.0056,43,0.31
dtx3l_homo,dtx3l#2,KH5,back,19,16,0.0278,0.3687,0.964,1.145,0.0056,43,0.31
dtx3l_homo,dtx3l#2,RING,active,17,8,0.0398,0.3519,1.109,1.077,0.0068,50,0.32
dtx3l_homo,dtx3l#2,RING,rim,22,13,0.0385,0.34,0.798,0.804,0.0068,50,0.32
dtx3l_homo,dtx3l#2,RING,back,13,7,0.0349,0.308,1.251,1.232,0.0068,50,0.32
dtx3l_homo,dtx3l#2,DTC,active,36,21,0.106,0.2948,0.937,1.065,0.0161,88,0.43
dtx3l_homo,dtx3l#2,DTC,rim,54,22,0.1144,0.318,0.786,0.766,0.0161,88,0.43
dtx3l_homo,dtx3l#2,DTC,back,40,27,0.1392,0.3871,1.223,1.258,0.0161,88,0.43
dtx3l_homo_docked,dtx3l#1,RRM,front,25,13,0.0751,0.3452,1.027,1.063,0.0125,95,0.31
dtx3l_homo_docked,dtx3l#1,RRM,rim,22,7,0.0385,0.1769,0.764,0.619,0.0125,95,0.31
dtx3l_homo_docked,dtx3l#1,RRM,back,30,19,0.104,0.4779,1.069,1.227,0.0125,95,0.31
dtx3l_homo_docked,dtx3l#1,KH1,front,13,6,0.0489,0.2187,1.134,1.077,0.012,79,0.36
dtx3l_homo_docked,dtx3l#1,KH1,rim,33,17,0.0973,0.4347,0.919,0.843,0.012,79,0.36
dtx3l_homo_docked,dtx3l#1,KH1,back,18,10,0.0776,0.3466,1.058,1.232,0.012,79,0.36
dtx3l_homo_docked,dtx3l#1,KH2,front,20,14,0.0599,0.4452,1.344,1.558,0.0093,78,0.28
dtx3l_homo_docked,dtx3l#1,KH2,rim,28,15,0.0371,0.2761,0.716,0.69,0.0093,78,0.28
dtx3l_homo_docked,dtx3l#1,KH2,back,22,9,0.0375,0.2786,0.938,0.887,0.0093,78,0.28
dtx3l_homo_docked,dtx3l#1,KH3,front,18,5,0.0386,0.4395,1.753,1.416,0.0071,56,0.3
dtx3l_homo_docked,dtx3l#1,KH3,rim,21,11,0.0229,0.261,0.844,0.721,0.0071,56,0.3
dtx3l_homo_docked,dtx3l#1,KH3,back,19,13,0.0263,0.2994,0.843,0.914,0.0071,56,0.3
dtx3l_homo_docked,dtx3l#1,KH4,front,19,11,0.051,0.4188,1.386,1.543,0.0093,69,0.32
dtx3l_homo_docked,dtx3l#1,KH4,rim,27,12,0.0282,0.2315,0.701,0.6,0.0093,69,0.32
dtx3l_homo_docked,dtx3l#1,KH4,back,24,14,0.0426,0.3497,0.953,1.02,0.0093,69,0.32
dtx3l_homo_docked,dtx3l#1,KH5,front,17,10,0.0447,0.3726,1.226,1.293,0.0086,69,0.3
dtx3l_homo_docked,dtx3l#1,KH5,rim,23,12,0.0328,0.2737,0.779,0.702,0.0086,69,0.3
dtx3l_homo_docked,dtx3l#1,KH5,back,19,14,0.0424,0.3537,1.028,1.098,0.0086,69,0.3
dtx3l_homo_docked,dtx3l#1,RING,active,15,7,0.0369,0.396,1.347,1.373,0.0071,63,0.27
dtx3l_homo_docked,dtx3l#1,RING,rim,24,12,0.0349,0.3743,0.903,0.811,0.0071,63,0.27
dtx3l_homo_docked,dtx3l#1,RING,back,13,7,0.0214,0.2297,0.82,0.919,0.0071,63,0.27
dtx3l_homo_docked,dtx3l#1,DTC,active,33,24,0.1144,0.2991,1.115,1.178,0.0151,95,0.38
dtx3l_homo_docked,dtx3l#1,DTC,rim,60,23,0.1473,0.3852,0.762,0.835,0.0151,95,0.38
dtx3l_homo_docked,dtx3l#1,DTC,back,37,18,0.1208,0.3158,1.151,1.11,0.0151,95,0.38
dtx3l_homo_docked,dtx3l#2,RRM,front,24,12,0.076,0.4176,1.189,1.34,0.0118,97,0.29
dtx3l_homo_docked,dtx3l#2,RRM,rim,26,10,0.0342,0.188,0.722,0.557,0.0118,97,0.29
dtx3l_homo_docked,dtx3l#2,RRM,back,27,17,0.0717,0.3944,1.03,1.125,0.0118,97,0.29
dtx3l_homo_docked,dtx3l#2,KH1,front,13,8,0.0409,0.2193,0.949,1.08,0.0114,83,0.33
dtx3l_homo_docked,dtx3l#2,KH1,rim,32,18,0.0882,0.4725,1.024,0.945,0.0114,83,0.33
dtx3l_homo_docked,dtx3l#2,KH1,back,19,13,0.0575,0.3082,0.999,1.038,0.0114,83,0.33
dtx3l_homo_docked,dtx3l#2,KH2,front,21,14,0.0925,0.4129,1.191,1.376,0.0126,85,0.35
dtx3l_homo_docked,dtx3l#2,KH2,rim,27,15,0.0701,0.3129,0.785,0.811,0.0126,85,0.35
dtx3l_homo_docked,dtx3l#2,KH2,back,22,6,0.0614,0.2742,1.092,0.872,0.0126,85,0.35
dtx3l_homo_docked,dtx3l#2,KH3,front,18,4,0.0392,0.327,1.152,1.054,0.0077,59,0.31
dtx3l_homo_docked,dtx3l#2,KH3,rim,21,12,0.0309,0.2581,0.823,0.713,0.0077,59,0.31
dtx3l_homo_docked,dtx3l#2,KH3,back,19,15,0.0497,0.4149,1.101,1.267,0.0077,59,0.31
dtx3l_homo_docked,dtx3l#2,KH4,front,19,11,0.0382,0.3783,1.328,1.394,0.0066,59,0.26
dtx3l_homo_docked,dtx3l#2,KH4,rim,26,10,0.0225,0.2225,0.683,0.599,0.0066,59,0.26
dtx3l_homo_docked,dtx3l#2,KH4,back,25,16,0.0403,0.3992,0.973,1.118,0.0066,59,0.26
dtx3l_homo_docked,dtx3l#2,KH5,front,16,8,0.0418,0.3523,1.212,1.299,0.0082,59,0.33
dtx3l_homo_docked,dtx3l#2,KH5,rim,24,10,0.0328,0.2763,0.689,0.679,0.0082,59,0.33
dtx3l_homo_docked,dtx3l#2,KH5,back,19,14,0.044,0.3714,1.101,1.153,0.0082,59,0.33
dtx3l_homo_docked,dtx3l#2,RING,active,16,8,0.0494,0.3768,1.272,1.224,0.0077,62,0.29
dtx3l_homo_docked,dtx3l#2,RING,rim,23,13,0.0447,0.3408,0.789,0.771,0.0077,62,0.29
dtx3l_homo_docked,dtx3l#2,RING,back,13,8,0.0371,0.2824,1.071,1.13,0.0077,62,0.29
dtx3l_homo_docked,dtx3l#2,DTC,active,33,25,0.1332,0.3185,1.103,1.255,0.018,106,0.4
dtx3l_homo_docked,dtx3l#2,DTC,rim,60,28,0.147,0.3515,0.712,0.762,0.018,106,0.4
dtx3l_homo_docked,dtx3l#2,DTC,back,37,19,0.138,0.33,1.289,1.159,0.018,106,0.4
p9_homo,parp9#1,1/2KH1a,front,11,5,0.0249,0.3686,1.226,1.24,0.0064,49,0.31
p9_homo,parp9#1,1/2KH1a,rim,13,4,0.0206,0.3051,1.247,0.868,0.0064,49,0.31
p9_homo,parp9#1,1/2KH1a,back,13,10,0.0221,0.3263,0.788,0.929,0.0064,49,0.31
p9_homo,parp9#1,MD1,active,55,28,0.1469,0.3292,0.922,1.137,0.0179,99,0.43
p9_homo,parp9#1,MD1,rim,88,35,0.1904,0.4268,1.34,0.921,0.0179,99,0.43
p9_homo,parp9#1,MD1,back,47,41,0.1089,0.2441,0.763,0.987,0.0179,99,0.43
p9_homo,parp9#1,MD2,active,53,36,0.1364,0.4388,1.254,1.515,0.0154,95,0.39
p9_homo,parp9#1,MD2,rim,81,31,0.1218,0.3917,1.228,0.885,0.0154,95,0.39
p9_homo,parp9#1,MD2,back,49,35,0.0527,0.1696,0.537,0.633,0.0154,95,0.39
p9_homo,parp9#1,1/2KH1b,front,8,5,0.0105,0.2541,0.645,0.762,0.005,36,0.33
p9_homo,parp9#1,1/2KH1b,rim,8,4,0.0109,0.2622,0.964,0.787,0.005,36,0.33
p9_homo,parp9#1,1/2KH1b,back,8,5,0.02,0.4837,1.383,1.451,0.005,36,0.33
p9_homo,parp9#1,KH2,front,16,12,0.1078,0.3609,1.472,1.804,0.0127,60,0.5
p9_homo,parp9#1,KH2,rim,42,21,0.1333,0.4463,0.888,0.85,0.0127,60,0.5
p9_homo,parp9#1,KH2,back,22,11,0.0576,0.1928,0.699,0.701,0.0127,60,0.5
p9_homo,parp9#1,ART,active,56,28,0.1683,0.4148,1.336,1.333,0.0179,102,0.42
p9_homo,parp9#1,ART,rim,78,33,0.1078,0.2657,0.736,0.613,0.0179,102,0.42
p9_homo,parp9#1,ART,back,46,35,0.1296,0.3195,0.98,1.25,0.0179,102,0.42
p9_homo,parp9#2,1/2KH1a,front,12,4,0.0317,0.3813,1.261,1.176,0.0067,42,0.38
p9_homo,parp9#2,1/2KH1a,rim,12,5,0.0234,0.2819,1.349,0.869,0.0067,42,0.38
p9_homo,parp9#2,1/2KH1a,back,13,12,0.028,0.3367,0.768,0.958,0.0067,42,0.38
p9_homo,parp9#2,MD1,active,58,29,0.1654,0.4917,1.557,1.611,0.0136,78,0.42
p9_homo,parp9#2,MD1,rim,85,32,0.1166,0.3468,1.159,0.775,0.0136,78,0.42
p9_homo,parp9#2,MD1,back,47,41,0.0543,0.1615,0.482,0.653,0.0136,78,0.42
p9_homo,parp9#2,MD2,active,54,34,0.1103,0.4044,1.191,1.371,0.0131,90,0.35
p9_homo,parp9#2,MD2,rim,82,34,0.1145,0.4199,1.24,0.937,0.0131,90,0.35
p9_homo,parp9#2,MD2,back,47,34,0.0479,0.1757,0.569,0.684,0.0131,90,0.35
p9_homo,parp9#2,1/2KH1b,front,8,6,0.0243,0.5035,1.351,1.51,0.0055,38,0.34
p9_homo,parp9#2,1/2KH1b,rim,8,2,0.0096,0.1993,0.409,0.598,0.0055,38,0.34
p9_homo,parp9#2,1/2KH1b,back,8,4,0.0143,0.2972,0.769,0.892,0.0055,38,0.34
p9_homo,parp9#2,KH2,front,16,10,0.0657,0.3036,1.161,1.518,0.013,78,0.39
p9_homo,parp9#2,KH2,rim,40,18,0.0869,0.4017,0.917,0.803,0.013,78,0.39
p9_homo,parp9#2,KH2,back,24,13,0.0637,0.2947,0.991,0.982,0.013,78,0.39
p9_homo,parp9#2,ART,active,57,30,0.2572,0.4591,1.303,1.45,0.0226,114,0.47
p9_homo,parp9#2,ART,rim,74,29,0.1177,0.2102,0.663,0.511,0.0226,114,0.47
p9_homo,parp9#2,ART,back,49,39,0.1853,0.3307,1.018,1.215,0.0226,114,0.47
p14_dtx3l,parp14#1,RRM1,front,27,9,0.0941,0.3466,1.247,1.053,0.0166,125,0.32
p14_dtx3l,parp14#1,RRM1,rim,30,13,0.0531,0.1956,0.582,0.535,0.0166,125,0.32
p14_dtx3l,parp14#1,RRM1,back,25,20,0.1244,0.4578,1.16,1.502,0.0166,125,0.32
p14_dtx3l,parp14#1,RRM2,front,24,12,0.1406,0.3536,1.055,1.09,0.0219,147,0.35
p14_dtx3l,parp14#1,RRM2,rim,28,10,0.1124,0.2827,0.904,0.747,0.0219,147,0.35
p14_dtx3l,parp14#1,RRM2,back,22,18,0.1447,0.3638,1.017,1.224,0.0219,147,0.35
p14_dtx3l,parp14#1,RRM3,front,26,14,0.1069,0.2812,0.8,0.822,0.0206,138,0.36
p14_dtx3l,parp14#1,RRM3,rim,26,12,0.1184,0.3113,1.075,0.91,0.0206,138,0.36
p14_dtx3l,parp14#1,RRM3,back,24,17,0.1549,0.4074,1.112,1.29,0.0206,138,0.36
p14_dtx3l,parp14#1,KH1,front,21,11,0.0819,0.3287,1.107,1.19,0.0163,122,0.32
p14_dtx3l,parp14#1,KH1,rim,31,17,0.0979,0.3933,1.011,0.964,0.0163,122,0.32
p14_dtx3l,parp14#1,KH1,back,24,12,0.0692,0.278,0.886,0.88,0.0163,122,0.32
p14_dtx3l,parp14#1,KH2,front,12,12,0.0509,0.2554,0.949,1.362,0.0136,102,0.32
p14_dtx3l,parp14#1,KH2,rim,37,21,0.1126,0.5653,1.02,0.978,0.0136,102,0.32
p14_dtx3l,parp14#1,KH2,back,15,3,0.0357,0.1793,1.062,0.765,0.0136,102,0.32
p14_dtx3l,parp14#1,KH3,front,21,17,0.0864,0.3501,0.952,1.05,0.0152,111,0.33
p14_dtx3l,parp14#1,KH3,rim,21,8,0.0596,0.2416,0.89,0.725,0.0152,111,0.33
p14_dtx3l,parp14#1,KH3,back,21,10,0.1008,0.4084,1.17,1.225,0.0152,111,0.33
p14_dtx3l,parp14#1,KH4,front,19,9,0.0402,0.2189,0.851,0.737,0.0107,79,0.32
p14_dtx3l,parp14#1,KH4,rim,26,13,0.0524,0.2855,0.761,0.703,0.0107,79,0.32
p14_dtx3l,parp14#1,KH4,back,19,16,0.0909,0.4956,1.278,1.67,0.0107,79,0.32
p14_dtx3l,parp14#1,KH5,front,24,20,0.0638,0.3885,0.977,1.182,0.0111,85,0.31
p14_dtx3l,parp14#1,KH5,rim,26,11,0.0471,0.2865,0.87,0.804,0.0111,85,0.31
p14_dtx3l,parp14#1,KH5,back,23,11,0.0534,0.325,1.171,1.031,0.0111,85,0.31
p14_dtx3l,parp14#1,KH6,front,20,13,0.0373,0.3055,0.974,1.023,0.0077,56,0.33
p14_dtx3l,parp14#1,KH6,rim,27,16,0.0394,0.3228,0.893,0.801,0.0077,56,0.33
p14_dtx3l,parp14#1,KH6,back,20,11,0.0454,0.3717,1.185,1.245,0.0077,56,0.33
p14_dtx3l,parp14#1,1/2KH7a,front,13,5,0.0405,0.6871,2.348,2.009,0.006,49,0.29
p14_dtx3l,parp14#1,1/2KH7a,rim,12,5,0.01,0.17,0.706,0.538,0.006,49,0.29
p14_dtx3l,parp14#1,1/2KH7a,back,13,9,0.0084,0.1429,0.414,0.418,0.006,49,0.29
p14_dtx3l,parp14#1,MD1,active,57,36,0.1405,0.4839,1.377,1.588,0.0137,83,0.39
p14_dtx3l,parp14#1,MD1,rim,79,28,0.0934,0.3217,0.973,0.762,0.0137,83,0.39
p14_dtx3l,parp14#1,MD1,back,51,33,0.0564,0.1944,0.612,0.713,0.0137,83,0.39
p14_dtx3l,parp14#1,MD2,active,54,32,0.2031,0.3835,1.117,1.307,0.0212,123,0.41
p14_dtx3l,parp14#1,MD2,rim,83,34,0.2247,0.4242,1.166,0.94,0.0212,123,0.41
p14_dtx3l,parp14#1,MD2,back,47,29,0.1019,0.1924,0.676,0.753,0.0212,123,0.41
p14_dtx3l,parp14#1,MD3,active,52,34,0.0955,0.3741,1.02,1.209,0.0139,104,0.32
p14_dtx3l,parp14#1,MD3,rim,69,27,0.0944,0.3698,1.121,0.9,0.0139,104,0.32
p14_dtx3l,parp14#1,MD3,back,47,29,0.0653,0.256,0.864,0.915,0.0139,104,0.32
p14_dtx3l,parp14#1,1/2KH7b,front,7,5,0.0134,0.2615,0.963,1.009,0.0048,38,0.3
p14_dtx3l,parp14#1,1/2KH7b,rim,12,6,0.0184,0.3586,0.895,0.807,0.0048,38,0.3
p14_dtx3l,parp14#1,1/2KH7b,back,8,4,0.0195,0.3799,1.204,1.282,0.0048,38,0.3
p14_dtx3l,parp14#1,KH8,front,17,8,0.0364,0.2833,0.89,1.333,0.0084,68,0.29
p14_dtx3l,parp14#1,KH8,rim,42,23,0.0606,0.4721,1.008,0.899,0.0084,68,0.29
p14_dtx3l,parp14#1,KH8,back,21,11,0.0314,0.2446,1.063,0.932,0.0084,68,0.29
p14_dtx3l,parp14#1,WWE,active,21,15,0.0731,0.4568,1.27,1.414,0.0113,93,0.29
p14_dtx3l,parp14#1,WWE,rim,24,13,0.0414,0.2589,0.679,0.701,0.0113,93,0.29
p14_dtx3l,parp14#1,WWE,back,20,10,0.0455,0.2842,1.013,0.924,0.0113,93,0.29
p14_dtx3l,parp14#1,ART,active,56,34,0.2248,0.4771,1.337,1.559,0.0183,111,0.39
p14_dtx3l,parp14#1,ART,rim,72,29,0.1185,0.2515,0.818,0.639,0.0183,111,0.39
p14_dtx3l,parp14#1,ART,back,55,29,0.1278,0.2714,0.787,0.903,0.0183,111,0.39
p14_dtx3l,dtx3l#2,RRM,front,25,15,0.1731,0.4086,1.204,1.259,0.0244,168,0.35
p14_dtx3l,dtx3l#2,RRM,rim,24,12,0.0686,0.1621,0.587,0.52,0.0244,168,0.35
p14_dtx3l,dtx3l#2,RRM,back,28,17,0.1818,0.4293,1.111,1.181,0.0244,168,0.35
p14_dtx3l,dtx3l#2,KH1,front,13,11,0.0655,0.1975,0.81,0.972,0.0204,146,0.33
p14_dtx3l,dtx3l#2,KH1,rim,31,17,0.144,0.434,1.058,0.896,0.0204,146,0.33
p14_dtx3l,dtx3l#2,KH1,back,20,7,0.1223,0.3685,1.158,1.179,0.0204,146,0.33
p14_dtx3l,dtx3l#2,KH2,front,21,12,0.1756,0.377,1.18,1.257,0.0233,161,0.34
p14_dtx3l,dtx3l#2,KH2,rim,26,13,0.1313,0.2819,0.851,0.759,0.0233,161,0.34
p14_dtx3l,dtx3l#2,KH2,back,23,13,0.1588,0.341,0.983,1.038,0.0233,161,0.34
p14_dtx3l,dtx3l#2,KH3,front,18,9,0.0866,0.324,1.18,1.044,0.018,128,0.33
p14_dtx3l,dtx3l#2,KH3,rim,20,8,0.0643,0.2408,0.825,0.698,0.018,128,0.33
p14_dtx3l,dtx3l#2,KH3,back,20,15,0.1163,0.4352,0.985,1.262,0.018,128,0.33
p14_dtx3l,dtx3l#2,KH4,front,19,13,0.1014,0.3716,1.077,1.369,0.0213,166,0.3
p14_dtx3l,dtx3l#2,KH4,rim,27,11,0.0647,0.237,0.807,0.615,0.0213,166,0.3
p14_dtx3l,dtx3l#2,KH4,back,24,14,0.1068,0.3914,1.08,1.141,0.0213,166,0.3
p14_dtx3l,dtx3l#2,KH5,front,19,8,0.1211,0.3793,1.14,1.178,0.0205,149,0.33
p14_dtx3l,dtx3l#2,KH5,rim,21,8,0.0756,0.2369,0.807,0.666,0.0205,149,0.33
p14_dtx3l,dtx3l#2,KH5,back,19,14,0.1225,0.3838,1.03,1.192,0.0205,149,0.33
p14_dtx3l,dtx3l#2,RING,active,14,4,0.0721,0.2034,0.53,0.755,0.022,160,0.33
p14_dtx3l,dtx3l#2,RING,rim,24,15,0.1755,0.4951,1.03,1.073,0.022,160,0.33
p14_dtx3l,dtx3l#2,RING,back,14,8,0.1069,0.3015,1.18,1.12,0.022,160,0.33
p14_dtx3l,dtx3l#2,DTC,active,35,25,0.5032,0.3531,1.144,1.312,0.0493,232,0.5
p14_dtx3l,dtx3l#2,DTC,rim,54,23,0.4256,0.2987,0.831,0.719,0.0493,232,0.5
p14_dtx3l,dtx3l#2,DTC,back,41,28,0.4962,0.3482,1.01,1.104,0.0493,232,0.5
p14_dtx3l_docked,parp14#1,RRM1,front,26,13,0.0971,0.3434,1.101,1.083,0.0159,106,0.36
p14_dtx3l_docked,parp14#1,RRM1,rim,32,15,0.0685,0.2421,0.66,0.62,0.0159,106,0.36
p14_dtx3l_docked,parp14#1,RRM1,back,24,18,0.1172,0.4145,1.211,1.416,0.0159,106,0.36
p14_dtx3l_docked,parp14#1,RRM2,front,23,15,0.0763,0.3423,0.894,1.101,0.0115,90,0.3
p14_dtx3l_docked,parp14#1,RRM2,rim,29,11,0.0637,0.2856,0.976,0.729,0.0115,90,0.3
p14_dtx3l_docked,parp14#1,RRM2,back,22,13,0.0829,0.3721,1.143,1.252,0.0115,90,0.3
p14_dtx3l_docked,parp14#1,RRM3,front,26,16,0.0624,0.2767,0.757,0.809,0.0124,75,0.39
p14_dtx3l_docked,parp14#1,RRM3,rim,28,12,0.0694,0.3077,1.045,0.835,0.0124,75,0.39
p14_dtx3l_docked,parp14#1,RRM3,back,22,13,0.0937,0.4156,1.257,1.436,0.0124,75,0.39
p14_dtx3l_docked,parp14#1,KH1,front,21,9,0.0306,0.1983,0.637,0.717,0.0096,66,0.35
p14_dtx3l_docked,parp14#1,KH1,rim,31,16,0.0464,0.3009,0.778,0.738,0.0096,66,0.35
p14_dtx3l_docked,parp14#1,KH1,back,24,16,0.0772,0.5008,1.426,1.586,0.0096,66,0.35
p14_dtx3l_docked,parp14#1,KH2,front,17,12,0.0203,0.2142,0.725,0.806,0.0079,67,0.28
p14_dtx3l_docked,parp14#1,KH2,rim,28,15,0.0432,0.456,1.12,1.042,0.0079,67,0.28
p14_dtx3l_docked,parp14#1,KH2,back,19,5,0.0312,0.3298,1.301,1.111,0.0079,67,0.28
p14_dtx3l_docked,parp14#1,KH3,front,21,12,0.038,0.3152,1.041,0.945,0.0083,65,0.3
p14_dtx3l_docked,parp14#1,KH3,rim,21,11,0.0269,0.2236,0.707,0.671,0.0083,65,0.3
p14_dtx3l_docked,parp14#1,KH3,back,21,9,0.0556,0.4612,1.303,1.384,0.0083,65,0.3
p14_dtx3l_docked,parp14#1,KH4,front,19,9,0.0198,0.2192,0.668,0.738,0.0064,51,0.3
p14_dtx3l_docked,parp14#1,KH4,rim,27,12,0.0317,0.3517,0.886,0.834,0.0064,51,0.3
p14_dtx3l_docked,parp14#1,KH4,back,18,13,0.0387,0.4291,1.335,1.526,0.0064,51,0.3
p14_dtx3l_docked,parp14#1,KH5,front,24,18,0.0369,0.3354,0.83,1.02,0.0078,66,0.28
p14_dtx3l_docked,parp14#1,KH5,rim,26,11,0.0404,0.3675,1.245,1.032,0.0078,66,0.28
p14_dtx3l_docked,parp14#1,KH5,back,23,11,0.0327,0.2971,1.033,0.943,0.0078,66,0.28
p14_dtx3l_docked,parp14#1,KH6,front,19,12,0.0266,0.3503,1.13,1.235,0.0057,47,0.29
p14_dtx3l_docked,parp14#1,KH6,rim,28,15,0.0279,0.367,0.917,0.878,0.0057,47,0.29
p14_dtx3l_docked,parp14#1,KH6,back,20,10,0.0215,0.2827,0.969,0.947,0.0057,47,0.29
p14_dtx3l_docked,parp14#1,1/2KH7a,front,13,6,0.0213,0.5585,1.75,1.633,0.004,37,0.26
p14_dtx3l_docked,parp14#1,1/2KH7a,rim,12,6,0.0082,0.2141,0.89,0.678,0.004,37,0.26
p14_dtx3l_docked,parp14#1,1/2KH7a,back,13,8,0.0087,0.2274,0.521,0.665,0.004,37,0.26
p14_dtx3l_docked,parp14#1,MD1,active,57,38,0.093,0.467,1.236,1.532,0.0113,72,0.37
p14_dtx3l_docked,parp14#1,MD1,rim,78,26,0.0565,0.2838,0.889,0.68,0.0113,72,0.37
p14_dtx3l_docked,parp14#1,MD1,back,52,32,0.0496,0.2492,0.81,0.896,0.0113,72,0.37
p14_dtx3l_docked,parp14#1,MD2,active,54,31,0.1214,0.3928,1.203,1.338,0.0151,98,0.37
p14_dtx3l_docked,parp14#1,MD2,rim,83,31,0.1165,0.377,1.04,0.836,0.0151,98,0.37
p14_dtx3l_docked,parp14#1,MD2,back,47,32,0.0712,0.2302,0.765,0.901,0.0151,98,0.37
p14_dtx3l_docked,parp14#1,MD3,active,52,36,0.112,0.4826,1.23,1.559,0.0128,90,0.34
p14_dtx3l_docked,parp14#1,MD3,rim,69,24,0.0664,0.2859,0.883,0.696,0.0128,90,0.34
p14_dtx3l_docked,parp14#1,MD3,back,47,26,0.0537,0.2315,0.79,0.827,0.0128,90,0.34
p14_dtx3l_docked,parp14#1,1/2KH7b,front,7,5,0.0116,0.2604,0.844,1.004,0.004,34,0.28
p14_dtx3l_docked,parp14#1,1/2KH7b,rim,12,6,0.0163,0.3642,0.953,0.819,0.004,34,0.28
p14_dtx3l_docked,parp14#1,1/2KH7b,back,8,3,0.0168,0.3755,1.354,1.267,0.004,34,0.28
p14_dtx3l_docked,parp14#1,KH8,front,17,12,0.0318,0.2477,0.823,1.166,0.0097,67,0.34
p14_dtx3l_docked,parp14#1,KH8,rim,41,20,0.0589,0.4587,1.016,0.895,0.0097,67,0.34
p14_dtx3l_docked,parp14#1,KH8,back,22,8,0.0377,0.2936,1.225,1.068,0.0097,67,0.34
p14_dtx3l_docked,parp14#1,WWE,active,19,14,0.068,0.4625,1.318,1.582,0.0104,87,0.29
p14_dtx3l_docked,parp14#1,WWE,rim,27,11,0.0453,0.308,0.813,0.741,0.0104,87,0.29
p14_dtx3l_docked,parp14#1,WWE,back,19,11,0.0338,0.2295,0.783,0.785,0.0104,87,0.29
p14_dtx3l_docked,parp14#1,ART,active,53,33,0.2408,0.4066,1.17,1.404,0.0213,112,0.45
p14_dtx3l_docked,parp14#1,ART,rim,76,33,0.2033,0.3432,1.01,0.826,0.0213,112,0.45
p14_dtx3l_docked,parp14#1,ART,back,54,28,0.1482,0.2502,0.789,0.848,0.0213,112,0.45
p14_dtx3l_docked,dtx3l#2,RRM,front,25,13,0.1249,0.3582,1.084,1.103,0.0206,147,0.33
p14_dtx3l_docked,dtx3l#2,RRM,rim,24,7,0.0659,0.1889,0.545,0.606,0.0206,147,0.33
p14_dtx3l_docked,dtx3l#2,RRM,back,28,20,0.1579,0.4529,1.104,1.245,0.0206,147,0.33
p14_dtx3l_docked,dtx3l#2,KH1,front,14,13,0.0543,0.194,0.72,0.887,0.0156,104,0.36
p14_dtx3l_docked,dtx3l#2,KH1,rim,29,12,0.1113,0.3976,1.057,0.877,0.0156,104,0.36
p14_dtx3l_docked,dtx3l#2,KH1,back,21,8,0.1144,0.4084,1.37,1.245,0.0156,104,0.36
p14_dtx3l_docked,dtx3l#2,KH2,front,20,12,0.0994,0.3514,1.132,1.23,0.017,117,0.35
p14_dtx3l_docked,dtx3l#2,KH2,rim,28,12,0.084,0.2972,0.834,0.743,0.017,117,0.35
p14_dtx3l_docked,dtx3l#2,KH2,back,22,12,0.0994,0.3514,1.034,1.118,0.017,117,0.35
p14_dtx3l_docked,dtx3l#2,KH3,front,19,9,0.0525,0.2779,0.859,0.848,0.0123,103,0.28
p14_dtx3l_docked,dtx3l#2,KH3,rim,19,8,0.0483,0.256,0.966,0.782,0.0123,103,0.28
p14_dtx3l_docked,dtx3l#2,KH3,back,20,15,0.088,0.4661,1.103,1.352,0.0123,103,0.28
p14_dtx3l_docked,dtx3l#2,KH4,front,19,12,0.117,0.4371,1.378,1.61,0.0173,124,0.33
p14_dtx3l_docked,dtx3l#2,KH4,rim,26,10,0.0662,0.2473,0.795,0.666,0.0173,124,0.33
p14_dtx3l_docked,dtx3l#2,KH4,back,25,14,0.0845,0.3156,0.823,0.884,0.0173,124,0.33
p14_dtx3l_docked,dtx3l#2,KH5,front,17,7,0.076,0.324,1.016,1.124,0.0152,119,0.3
p14_dtx3l_docked,dtx3l#2,KH5,rim,23,10,0.0628,0.2677,0.796,0.687,0.0152,119,0.3
p14_dtx3l_docked,dtx3l#2,KH5,back,19,14,0.0958,0.4083,1.138,1.268,0.0152,119,0.3
p14_dtx3l_docked,dtx3l#2,RING,active,17,9,0.0963,0.4015,1.19,1.228,0.0157,116,0.32
p14_dtx3l_docked,dtx3l#2,RING,rim,21,11,0.0871,0.3629,0.925,0.899,0.0157,116,0.32
p14_dtx3l_docked,dtx3l#2,RING,back,14,7,0.0565,0.2355,0.874,0.875,0.0157,116,0.32
p14_dtx3l_docked,dtx3l#2,DTC,active,36,23,0.2737,0.314,0.971,1.134,0.0334,164,0.48
p14_dtx3l_docked,dtx3l#2,DTC,rim,54,19,0.2638,0.3027,0.841,0.729,0.0334,164,0.48
p14_dtx3l_docked,dtx3l#2,DTC,back,40,23,0.3341,0.3833,1.16,1.246,0.0334,164,0.48
p14_p9,parp14#1,RRM1,front,25,11,0.0819,0.3527,1.283,1.157,0.0143,80,0.43
p14_p9,parp14#1,RRM1,rim,31,14,0.0483,0.2083,0.58,0.551,0.0143,80,0.43
p14_p9,parp14#1,RRM1,back,26,19,0.1019,0.439,1.146,1.385,0.0143,80,0.43
p14_p9,parp14#1,RRM2,front,24,16,0.0787,0.4113,1.122,1.268,0.0112,76,0.35
p14_p9,parp14#1,RRM2,rim,28,10,0.0477,0.2497,0.795,0.66,0.0112,76,0.35
p14_p9,parp14#1,RRM2,back,22,14,0.0648,0.3391,1.007,1.14,0.0112,76,0.35
p14_p9,parp14#1,RRM3,front,23,14,0.0659,0.2546,0.727,0.841,0.0112,65,0.41
p14_p9,parp14#1,RRM3,rim,33,14,0.0851,0.3288,0.91,0.757,0.0112,65,0.41
p14_p9,parp14#1,RRM3,back,20,11,0.1078,0.4167,1.463,1.583,0.0112,65,0.41
p14_p9,parp14#1,KH1,front,21,14,0.078,0.3852,1.255,1.394,0.0107,75,0.34
p14_p9,parp14#1,KH1,rim,33,14,0.0673,0.3324,0.848,0.765,0.0107,75,0.34
p14_p9,parp14#1,KH1,back,22,13,0.0572,0.2824,0.89,0.976,0.0107,75,0.34
p14_p9,parp14#1,KH2,front,13,12,0.026,0.2346,0.944,1.155,0.0088,65,0.32
p14_p9,parp14#1,KH2,rim,32,22,0.0563,0.508,1.021,1.016,0.0088,65,0.32
p14_p9,parp14#1,KH2,back,19,6,0.0285,0.2574,1.033,0.867,0.0088,65,0.32
p14_p9,parp14#1,KH3,front,21,13,0.0906,0.3584,1.121,1.075,0.0113,67,0.4
p14_p9,parp14#1,KH3,rim,20,11,0.0531,0.2102,0.752,0.662,0.0113,67,0.4
p14_p9,parp14#1,KH3,back,22,8,0.1091,0.4314,1.145,1.235,0.0113,67,0.4
p14_p9,parp14#1,KH4,front,19,9,0.0428,0.2841,0.813,0.957,0.0094,65,0.34
p14_p9,parp14#1,KH4,rim,26,11,0.0366,0.2433,0.587,0.599,0.0094,65,0.34
p14_p9,parp14#1,KH4,back,19,12,0.0712,0.4726,1.519,1.592,0.0094,65,0.34
p14_p9,parp14#1,KH5,front,24,17,0.0291,0.3003,0.771,0.913,0.0067,47,0.34
p14_p9,parp14#1,KH5,rim,26,12,0.0235,0.2428,0.84,0.682,0.0067,47,0.34
p14_p9,parp14#1,KH5,back,23,9,0.0442,0.4569,1.646,1.45,0.0067,47,0.34
p14_p9,parp14#1,KH6,front,18,11,0.0091,0.1558,0.534,0.58,0.0047,39,0.29
p14_p9,parp14#1,KH6,rim,30,12,0.0194,0.3319,0.843,0.741,0.0047,39,0.29
p14_p9,parp14#1,KH6,back,19,12,0.0299,0.5123,1.583,1.806,0.0047,39,0.29
p14_p9,parp14#1,1/2KH7a,front,13,6,0.0242,0.5845,1.973,1.709,0.0042,42,0.24
p14_p9,parp14#1,1/2KH7a,rim,12,8,0.0101,0.2444,0.851,0.774,0.0042,42,0.24
p14_p9,parp14#1,1/2KH7a,back,13,9,0.0071,0.1711,0.484,0.5,0.0042,42,0.24
p14_p9,parp14#1,MD1,active,56,36,0.3038,0.5662,1.552,1.891,0.0213,99,0.51
p14_p9,parp14#1,MD1,rim,81,28,0.1492,0.2781,0.859,0.642,0.0213,99,0.51
p14_p9,parp14#1,MD1,back,50,30,0.0835,0.1557,0.469,0.582,0.0213,99,0.51
p14_p9,parp14#1,MD2,active,51,32,0.2574,0.3791,1.198,1.368,0.023,112,0.49
p14_p9,parp14#1,MD2,rim,86,43,0.2703,0.3981,0.946,0.852,0.023,112,0.49
p14_p9,parp14#1,MD2,back,47,24,0.1512,0.2227,0.834,0.872,0.023,112,0.49
p14_p9,parp14#1,MD3,active,51,35,0.1578,0.3771,1.065,1.242,0.0185,108,0.41
p14_p9,parp14#1,MD3,rim,71,28,0.1492,0.3565,1.028,0.844,0.0185,108,0.41
p14_p9,parp14#1,MD3,back,46,28,0.1115,0.2664,0.891,0.973,0.0185,108,0.41
p14_p9,parp14#1,1/2KH7b,front,8,6,0.0066,0.2566,0.798,0.866,0.0029,27,0.25
p14_p9,parp14#1,1/2KH7b,rim,11,6,0.0069,0.2697,0.766,0.662,0.0029,27,0.25
p14_p9,parp14#1,1/2KH7b,back,8,4,0.0121,0.4737,1.654,1.599,0.0029,27,0.25
p14_p9,parp14#1,KH8,front,17,11,0.0265,0.3038,1.05,1.429,0.0064,55,0.28
p14_p9,parp14#1,KH8,rim,42,20,0.0359,0.4108,0.932,0.782,0.0064,55,0.28
p14_p9,parp14#1,KH8,back,21,10,0.0249,0.2854,1.082,1.087,0.0064,55,0.28
p14_p9,parp14#1,WWE,active,20,16,0.0653,0.4594,1.322,1.493,0.0092,66,0.33
p14_p9,parp14#1,WWE,rim,26,11,0.0402,0.2828,0.699,0.707,0.0092,66,0.33
p14_p9,parp14#1,WWE,back,19,10,0.0366,0.2579,0.816,0.882,0.0092,66,0.33
p14_p9,parp14#1,ART,active,55,35,0.3139,0.4567,1.341,1.52,0.0209,103,0.48
p14_p9,parp14#1,ART,rim,73,34,0.1914,0.2785,0.868,0.698,0.0209,103,0.48
p14_p9,parp14#1,ART,back,55,32,0.182,0.2648,0.768,0.881,0.0209,103,0.48
p14_p9,parp9#2,1/2KH1a,front,13,4,0.0826,0.5204,2.069,1.481,0.0129,96,0.32
p14_p9,parp9#2,1/2KH1a,rim,11,6,0.0334,0.2106,0.902,0.708,0.0129,96,0.32
p14_p9,parp9#2,1/2KH1a,back,13,12,0.0427,0.269,0.693,0.766,0.0129,96,0.32
p14_p9,parp9#2,MD1,active,57,26,0.3417,0.3403,1.061,1.134,0.0362,165,0.52
p14_p9,parp9#2,MD1,rim,87,33,0.4583,0.4564,1.373,0.997,0.0362,165,0.52
p14_p9,parp9#2,MD1,back,46,37,0.2041,0.2033,0.625,0.84,0.0362,165,0.52
p14_p9,parp9#2,MD2,active,54,33,0.2513,0.4146,1.23,1.405,0.0295,162,0.43
p14_p9,parp9#2,MD2,rim,83,37,0.2336,0.3854,1.077,0.85,0.0295,162,0.43
p14_p9,parp9#2,MD2,back,46,32,0.1212,0.1999,0.674,0.795,0.0295,162,0.43
p14_p9,parp9#2,1/2KH1b,front,8,6,0.0377,0.3019,0.862,0.906,0.0124,89,0.33
p14_p9,parp9#2,1/2KH1b,rim,9,2,0.0297,0.2379,0.505,0.634,0.0124,89,0.33
p14_p9,parp9#2,1/2KH1b,back,7,4,0.0575,0.4602,1.454,1.578,0.0124,89,0.33
p14_p9,parp9#2,KH2,front,16,13,0.1304,0.2506,0.982,1.253,0.0258,141,0.43
p14_p9,parp9#2,KH2,rim,40,19,0.208,0.3995,0.895,0.799,0.0258,141,0.43
p14_p9,parp9#2,KH2,back,24,10,0.1821,0.3499,1.222,1.166,0.0258,141,0.43
p14_p9,parp9#2,ART,active,55,28,0.3424,0.445,1.39,1.456,0.0357,184,0.46
p14_p9,parp9#2,ART,rim,78,32,0.2115,0.2748,0.788,0.634,0.0357,184,0.46
p14_p9,parp9#2,ART,back,47,34,0.2156,0.2802,0.878,1.073,0.0357,184,0.46
p14_p9_docked,parp14#1,RRM1,front,26,14,0.0502,0.281,0.903,0.886,0.0104,71,0.35
p14_p9_docked,parp14#1,RRM1,rim,30,10,0.0352,0.1971,0.4,0.539,0.0104,71,0.35
p14_p9_docked,parp14#1,RRM1,back,26,23,0.0932,0.5219,1.32,1.646,0.0104,71,0.35
p14_p9_docked,parp14#1,RRM2,front,23,15,0.1058,0.4351,1.274,1.4,0.0109,71,0.37
p14_p9_docked,parp14#1,RRM2,rim,30,12,0.0681,0.2802,0.819,0.691,0.0109,71,0.37
p14_p9_docked,parp14#1,RRM2,back,21,17,0.0692,0.2847,0.886,1.003,0.0109,71,0.37
p14_p9_docked,parp14#1,RRM3,front,23,15,0.0834,0.347,0.989,1.147,0.0131,85,0.37
p14_p9_docked,parp14#1,RRM3,rim,32,14,0.0834,0.347,0.997,0.824,0.0131,85,0.37
p14_p9_docked,parp14#1,RRM3,back,21,13,0.0735,0.306,1.017,1.107,0.0131,85,0.37
p14_p9_docked,parp14#1,KH1,front,21,11,0.0754,0.3356,1.132,1.214,0.0115,77,0.36
p14_p9_docked,parp14#1,KH1,rim,31,15,0.0729,0.3247,0.893,0.796,0.0115,77,0.36
p14_p9_docked,parp14#1,KH1,back,24,15,0.0763,0.3397,1.01,1.076,0.0115,77,0.36
p14_p9_docked,parp14#1,KH2,front,17,12,0.0505,0.241,0.797,0.907,0.0114,70,0.39
p14_p9_docked,parp14#1,KH2,rim,29,17,0.0967,0.461,1.041,1.017,0.0114,70,0.39
p14_p9_docked,parp14#1,KH2,back,18,6,0.0625,0.298,1.289,1.06,0.0114,70,0.39
p14_p9_docked,parp14#1,KH3,front,21,13,0.1165,0.367,1.159,1.101,0.0142,80,0.42
p14_p9_docked,parp14#1,KH3,rim,21,15,0.0656,0.2066,0.62,0.62,0.0142,80,0.42
p14_p9_docked,parp14#1,KH3,back,21,11,0.1354,0.4264,1.331,1.279,0.0142,80,0.42
p14_p9_docked,parp14#1,KH4,front,19,8,0.0421,0.2281,0.797,0.768,0.0118,79,0.35
p14_p9_docked,parp14#1,KH4,rim,26,12,0.0552,0.2988,0.738,0.736,0.0118,79,0.35
p14_p9_docked,parp14#1,KH4,back,19,14,0.0873,0.4731,1.34,1.594,0.0118,79,0.35
p14_p9_docked,parp14#1,KH5,front,24,17,0.0536,0.393,1.037,1.195,0.0093,75,0.3
p14_p9_docked,parp14#1,KH5,rim,26,11,0.0372,0.2727,0.843,0.766,0.0093,75,0.3
p14_p9_docked,parp14#1,KH5,back,23,10,0.0456,0.3344,1.111,1.061,0.0093,75,0.3
p14_p9_docked,parp14#1,KH6,front,20,13,0.0308,0.318,1.04,1.065,0.0083,62,0.32
p14_p9_docked,parp14#1,KH6,rim,27,15,0.0222,0.2294,0.684,0.569,0.0083,62,0.32
p14_p9_docked,parp14#1,KH6,back,20,9,0.0439,0.4526,1.469,1.516,0.0083,62,0.32
p14_p9_docked,parp14#1,1/2KH7a,front,13,9,0.0371,0.4889,1.507,1.429,0.0066,46,0.34
p14_p9_docked,parp14#1,1/2KH7a,rim,12,5,0.0168,0.2211,0.675,0.7,0.0066,46,0.34
p14_p9_docked,parp14#1,1/2KH7a,back,13,9,0.022,0.29,0.673,0.848,0.0066,46,0.34
p14_p9_docked,parp14#1,MD1,active,58,38,0.3285,0.5098,1.453,1.644,0.0212,84,0.6
p14_p9_docked,parp14#1,MD1,rim,77,27,0.1997,0.31,0.854,0.753,0.0212,84,0.6
p14_p9_docked,parp14#1,MD1,back,52,31,0.1161,0.1802,0.571,0.648,0.0212,84,0.6
p14_p9_docked,parp14#1,MD2,active,51,34,0.167,0.395,1.199,1.425,0.0157,77,0.48
p14_p9_docked,parp14#1,MD2,rim,87,36,0.1875,0.4436,1.136,0.938,0.0157,77,0.48
p14_p9_docked,parp14#1,MD2,back,46,28,0.0682,0.1614,0.583,0.645,0.0157,77,0.48
p14_p9_docked,parp14#1,MD3,active,52,35,0.0599,0.4148,1.132,1.34,0.0083,55,0.36
p14_p9_docked,parp14#1,MD3,rim,69,27,0.0457,0.3168,0.976,0.771,0.0083,55,0.36
p14_p9_docked,parp14#1,MD3,back,47,29,0.0387,0.2684,0.863,0.959,0.0083,55,0.36
p14_p9_docked,parp14#1,1/2KH7b,front,9,6,0.0243,0.3098,0.814,0.929,0.0064,49,0.31
p14_p9_docked,parp14#1,1/2KH7b,rim,10,4,0.0291,0.3698,1.295,0.998,0.0064,49,0.31
p14_p9_docked,parp14#1,1/2KH7b,back,8,4,0.0252,0.3205,0.984,1.082,0.0064,49,0.31
p14_p9_docked,parp14#1,KH8,front,16,16,0.0394,0.3089,1.062,1.545,0.0088,66,0.32
p14_p9_docked,parp14#1,KH8,rim,43,19,0.0565,0.4429,0.932,0.824,0.0088,66,0.32
p14_p9_docked,parp14#1,KH8,back,21,9,0.0317,0.2482,1.033,0.945,0.0088,66,0.32
p14_p9_docked,parp14#1,WWE,active,21,15,0.092,0.4709,1.226,1.458,0.011,74,0.35
p14_p9_docked,parp14#1,WWE,rim,24,9,0.0574,0.2941,0.771,0.796,0.011,74,0.35
p14_p9_docked,parp14#1,WWE,back,20,9,0.0459,0.235,0.852,0.764,0.011,74,0.35
p14_p9_docked,parp14#1,ART,active,55,31,0.2338,0.3914,1.121,1.302,0.0191,94,0.48
p14_p9_docked,parp14#1,ART,rim,74,30,0.1845,0.3089,1.054,0.764,0.0191,94,0.48
p14_p9_docked,parp14#1,ART,back,54,36,0.179,0.2997,0.851,1.016,0.0191,94,0.48
p14_p9_docked,parp9#2,1/2KH1a,front,12,5,0.0737,0.4415,1.529,1.361,0.0148,101,0.35
p14_p9_docked,parp9#2,1/2KH1a,rim,13,6,0.0477,0.2856,0.929,0.813,0.0148,101,0.35
p14_p9_docked,parp9#2,1/2KH1a,back,12,9,0.0456,0.273,0.753,0.842,0.0148,101,0.35
p14_p9_docked,parp9#2,MD1,active,56,29,0.3688,0.3273,0.991,1.11,0.0384,161,0.57
p14_p9_docked,parp9#2,MD1,rim,87,34,0.4481,0.3977,1.172,0.869,0.0384,161,0.57
p14_p9_docked,parp9#2,MD1,back,47,37,0.3098,0.275,0.848,1.112,0.0384,161,0.57
p14_p9_docked,parp9#2,MD2,active,57,38,0.311,0.409,1.121,1.313,0.0319,168,0.45
p14_p9_docked,parp9#2,MD2,rim,77,30,0.2722,0.358,1.093,0.851,0.0319,168,0.45
p14_p9_docked,parp9#2,MD2,back,49,28,0.1772,0.233,0.736,0.87,0.0319,168,0.45
p14_p9_docked,parp9#2,1/2KH1b,front,7,7,0.0274,0.2761,0.84,0.947,0.0113,91,0.29
p14_p9_docked,parp9#2,1/2KH1b,rim,9,5,0.0204,0.2056,0.669,0.548,0.0113,91,0.29
p14_p9_docked,parp9#2,1/2KH1b,back,8,3,0.0514,0.5183,1.924,1.555,0.0113,91,0.29
p14_p9_docked,parp9#2,KH2,front,16,11,0.1005,0.2352,0.964,1.176,0.0218,116,0.45
p14_p9_docked,parp9#2,KH2,rim,44,22,0.2019,0.4721,0.945,0.858,0.0218,116,0.45
p14_p9_docked,parp9#2,KH2,back,20,9,0.1251,0.2927,1.177,1.171,0.0218,116,0.45
p14_p9_docked,parp9#2,ART,active,52,33,0.222,0.3525,1.085,1.22,0.0274,164,0.4
p14_p9_docked,parp9#2,ART,rim,80,36,0.2006,0.3185,0.88,0.717,0.0274,164,0.4
p14_p9_docked,parp9#2,ART,back,48,35,0.2072,0.3291,1.043,1.234,0.0274,164,0.4
ternary,parp14#1,RRM1,front,28,15,0.1639,0.361,1.01,1.057,0.025,193,0.31
ternary,parp14#1,RRM1,rim,28,13,0.0903,0.1988,0.69,0.582,0.025,193,0.31
ternary,parp14#1,RRM1,back,26,19,0.1998,0.4402,1.205,1.388,0.025,193,0.31
ternary,parp14#1,RRM2,front,24,17,0.1944,0.4082,1.011,1.259,0.0245,151,0.39
ternary,parp14#1,RRM2,rim,28,9,0.1164,0.2443,0.854,0.646,0.0245,151,0.39
ternary,parp14#1,RRM2,back,22,11,0.1655,0.3474,1.103,1.169,0.0245,151,0.39
ternary,parp14#1,RRM3,front,23,13,0.1118,0.2522,0.806,0.833,0.0224,131,0.41
ternary,parp14#1,RRM3,rim,31,12,0.172,0.3878,1.186,0.951,0.0224,131,0.41
ternary,parp14#1,RRM3,back,22,16,0.1596,0.3599,1.018,1.243,0.0224,131,0.41
ternary,parp14#1,KH1,front,21,13,0.0977,0.3353,1.133,1.213,0.0186,134,0.33
ternary,parp14#1,KH1,rim,31,16,0.0861,0.2954,0.801,0.724,0.0186,134,0.33
ternary,parp14#1,KH1,back,24,16,0.1076,0.3694,1.09,1.17,0.0186,134,0.33
ternary,parp14#1,KH2,front,13,12,0.0661,0.2492,0.934,1.227,0.0179,130,0.33
ternary,parp14#1,KH2,rim,34,20,0.1445,0.5448,1.073,1.025,0.0179,130,0.33
ternary,parp14#1,KH2,back,17,5,0.0547,0.206,0.868,0.776,0.0179,130,0.33
ternary,parp14#1,KH3,front,21,12,0.1219,0.3049,0.973,0.915,0.022,137,0.38
ternary,parp14#1,KH3,rim,21,12,0.084,0.2099,0.667,0.63,0.022,137,0.38
ternary,parp14#1,KH3,back,21,11,0.194,0.4852,1.393,1.455,0.022,137,0.38
ternary,parp14#1,KH4,front,20,8,0.0722,0.2402,0.828,0.769,0.0192,122,0.37
ternary,parp14#1,KH4,rim,25,11,0.0745,0.248,0.639,0.635,0.0192,122,0.37
ternary,parp14#1,KH4,back,19,14,0.1538,0.5118,1.381,1.724,0.0192,122,0.37
ternary,parp14#1,KH5,front,23,18,0.0915,0.326,0.857,1.035,0.0178,123,0.34
ternary,parp14#1,KH5,rim,27,12,0.0963,0.3431,1.074,0.928,0.0178,123,0.34
ternary,parp14#1,KH5,back,23,11,0.0929,0.3308,1.153,1.05,0.0178,123,0.34
ternary,parp14#1,KH6,front,21,13,0.0499,0.2307,0.68,0.736,0.0147,102,0.34
ternary,parp14#1,KH6,rim,25,13,0.0669,0.3093,0.91,0.829,0.0147,102,0.34
ternary,parp14#1,KH6,back,21,13,0.0995,0.4599,1.41,1.467,0.0147,102,0.34
ternary,parp14#1,1/2KH7a,front,12,7,0.0739,0.6187,1.764,1.959,0.011,87,0.3
ternary,parp14#1,1/2KH7a,rim,13,7,0.0253,0.2121,0.675,0.62,0.011,87,0.3
ternary,parp14#1,1/2KH7a,back,13,6,0.0202,0.1691,0.488,0.494,0.011,87,0.3
ternary,parp14#1,MD1,active,57,37,0.3475,0.4901,1.363,1.608,0.0303,159,0.45
ternary,parp14#1,MD1,rim,79,30,0.2127,0.3,0.858,0.71,0.0303,159,0.45
ternary,parp14#1,MD1,back,51,30,0.1489,0.21,0.694,0.77,0.0303,159,0.45
ternary,parp14#1,MD2,active,53,34,0.3491,0.3639,1.052,1.263,0.039,206,0.45
ternary,parp14#1,MD2,rim,84,36,0.406,0.4232,1.078,0.927,0.039,206,0.45
ternary,parp14#1,MD2,back,47,25,0.2042,0.2129,0.817,0.833,0.039,206,0.45
ternary,parp14#1,MD3,active,51,32,0.2288,0.4627,1.337,1.524,0.0247,166,0.35
ternary,parp14#1,MD3,rim,70,30,0.1599,0.3234,0.904,0.776,0.0247,166,0.35
ternary,parp14#1,MD3,back,47,27,0.1058,0.2139,0.708,0.765,0.0247,166,0.35
ternary,parp14#1,1/2KH7b,front,7,5,0.0253,0.2418,0.775,0.933,0.0102,68,0.36
ternary,parp14#1,1/2KH7b,rim,12,5,0.0335,0.3197,0.976,0.719,0.0102,68,0.36
ternary,parp14#1,1/2KH7b,back,8,4,0.046,0.4386,1.311,1.48,0.0102,68,0.36
ternary,parp14#1,KH8,front,15,13,0.0618,0.2265,0.853,1.208,0.0166,109,0.36
ternary,parp14#1,KH8,rim,45,21,0.1391,0.5099,1.029,0.906,0.0166,109,0.36
ternary,parp14#1,KH8,back,20,9,0.0719,0.2636,1.145,1.054,0.0166,109,0.36
ternary,parp14#1,WWE,active,21,15,0.1463,0.4603,1.243,1.425,0.0198,147,0.32
ternary,parp14#1,WWE,rim,24,13,0.0896,0.2819,0.772,0.764,0.0198,147,0.32
ternary,parp14#1,WWE,back,20,9,0.0819,0.2578,0.924,0.838,0.0198,147,0.32
ternary,parp14#1,ART,active,56,35,0.596,0.4447,1.294,1.453,0.0453,212,0.51
ternary,parp14#1,ART,rim,72,34,0.3779,0.282,0.884,0.717,0.0453,212,0.51
ternary,parp14#1,ART,back,55,34,0.3661,0.2732,0.814,0.909,0.0453,212,0.51
ternary,parp9#2,1/2KH1a,front,12,3,0.1333,0.4557,1.724,1.405,0.0255,174,0.35
ternary,parp9#2,1/2KH1a,rim,12,5,0.0829,0.2832,1.221,0.873,0.0255,174,0.35
ternary,parp9#2,1/2KH1a,back,13,11,0.0764,0.2611,0.702,0.743,0.0255,174,0.35
ternary,parp9#2,MD1,active,59,25,0.5719,0.3689,1.173,1.188,0.058,266,0.52
ternary,parp9#2,MD1,rim,84,37,0.58,0.3741,1.089,0.846,0.058,266,0.52
ternary,parp9#2,MD1,back,47,40,0.3983,0.257,0.809,1.039,0.058,266,0.52
ternary,parp9#2,MD2,active,55,32,0.4896,0.4347,1.263,1.446,0.0535,303,0.42
ternary,parp9#2,MD2,rim,80,30,0.4055,0.36,1.063,0.824,0.0535,303,0.42
ternary,parp9#2,MD2,back,48,31,0.2312,0.2052,0.668,0.783,0.0535,303,0.42
ternary,parp9#2,1/2KH1b,front,8,8,0.0611,0.3256,1.023,0.977,0.022,166,0.31
ternary,parp9#2,1/2KH1b,rim,8,5,0.0447,0.2384,0.93,0.715,0.022,166,0.31
ternary,parp9#2,1/2KH1b,back,8,1,0.0818,0.436,1.163,1.308,0.022,166,0.31
ternary,parp9#2,KH2,front,16,10,0.2305,0.2726,1.17,1.363,0.0445,250,0.42
ternary,parp9#2,KH2,rim,43,23,0.3721,0.4401,0.872,0.819,0.0445,250,0.42
ternary,parp9#2,KH2,back,21,9,0.2429,0.2873,1.138,1.095,0.0445,250,0.42
ternary,parp9#2,ART,active,54,29,0.6033,0.4126,1.284,1.375,0.0644,361,0.42
ternary,parp9#2,ART,rim,80,36,0.4224,0.2889,0.811,0.65,0.0644,361,0.42
ternary,parp9#2,ART,back,46,36,0.4363,0.2984,0.96,1.168,0.0644,361,0.42
ternary,dtx3l#3,RRM,front,25,13,0.1963,0.3362,1.097,1.035,0.0345,260,0.32
ternary,dtx3l#3,RRM,rim,23,10,0.0897,0.1536,0.717,0.514,0.0345,260,0.32
ternary,dtx3l#3,RRM,back,29,18,0.2979,0.5102,1.087,1.355,0.0345,260,0.32
ternary,dtx3l#3,KH1,front,13,9,0.1028,0.2396,0.943,1.179,0.0273,202,0.32
ternary,dtx3l#3,KH1,rim,32,18,0.2056,0.4791,1.015,0.958,0.0273,202,0.32
ternary,dtx3l#3,KH1,back,19,5,0.1208,0.2813,1.048,0.948,0.0273,202,0.32
ternary,dtx3l#3,KH2,front,21,15,0.1834,0.4284,1.278,1.428,0.0239,169,0.34
ternary,dtx3l#3,KH2,rim,25,12,0.1179,0.2754,0.791,0.771,0.0239,169,0.34
ternary,dtx3l#3,KH2,back,24,13,0.1268,0.2962,0.872,0.864,0.0239,169,0.34
ternary,dtx3l#3,KH3,front,18,8,0.081,0.3362,1.134,1.083,0.0173,128,0.32
ternary,dtx3l#3,KH3,rim,20,7,0.0624,0.259,0.844,0.751,0.0173,128,0.32
ternary,dtx3l#3,KH3,back,20,14,0.0975,0.4048,1.001,1.174,0.0173,128,0.32
ternary,dtx3l#3,KH4,front,19,10,0.1463,0.4392,1.449,1.618,0.0209,156,0.32
ternary,dtx3l#3,KH4,rim,26,13,0.0805,0.2417,0.756,0.651,0.0209,156,0.32
ternary,dtx3l#3,KH4,back,25,15,0.1063,0.3191,0.912,0.893,0.0209,156,0.32
ternary,dtx3l#3,KH5,front,18,8,0.1112,0.34,1.16,1.115,0.0212,160,0.32
ternary,dtx3l#3,KH5,rim,21,9,0.0802,0.245,0.795,0.688,0.0212,160,0.32
ternary,dtx3l#3,KH5,back,20,16,0.1357,0.4149,1.035,1.224,0.0212,160,0.32
ternary,dtx3l#3,RING,active,16,8,0.0872,0.2719,0.887,0.884,0.0225,175,0.31
ternary,dtx3l#3,RING,rim,22,13,0.1282,0.3995,0.959,0.944,0.0225,175,0.31
ternary,dtx3l#3,RING,back,14,9,0.1054,0.3286,1.16,1.221,0.0225,175,0.31
ternary,dtx3l#3,DTC,active,35,18,0.4305,0.3466,1.173,1.287,0.0476,265,0.43
ternary,dtx3l#3,DTC,rim,55,26,0.3934,0.3168,0.778,0.749,0.0476,265,0.43
ternary,dtx3l#3,DTC,back,40,25,0.418,0.3366,1.106,1.094,0.0476,265,0.43
ternary_docked,parp14#1,RRM1,front,26,11,0.1702,0.3035,0.897,0.957,0.0301,220,0.32
ternary_docked,parp14#1,RRM1,rim,31,11,0.1246,0.2222,0.698,0.588,0.0301,220,0.32
ternary_docked,parp14#1,RRM1,back,25,20,0.266,0.4743,1.223,1.556,0.0301,220,0.32
ternary_docked,parp14#1,RRM2,front,23,15,0.1837,0.3771,0.975,1.213,0.0283,165,0.41
ternary_docked,parp14#1,RRM2,rim,29,12,0.1188,0.2439,0.889,0.622,0.0283,165,0.41
ternary_docked,parp14#1,RRM2,back,22,16,0.1847,0.379,1.107,1.275,0.0283,165,0.41
ternary_docked,parp14#1,RRM3,front,25,17,0.1821,0.3052,0.888,0.928,0.0315,197,0.38
ternary_docked,parp14#1,RRM3,rim,27,13,0.1464,0.2453,0.856,0.691,0.0315,197,0.38
ternary_docked,parp14#1,RRM3,back,24,13,0.2683,0.4495,1.29,1.423,0.0315,197,0.38
ternary_docked,parp14#1,KH1,front,21,12,0.2181,0.3885,1.286,1.406,0.0305,190,0.38
ternary_docked,parp14#1,KH1,rim,32,16,0.1853,0.3301,0.881,0.784,0.0305,190,0.38
ternary_docked,parp14#1,KH1,back,23,12,0.158,0.2814,0.873,0.93,0.0305,190,0.38
ternary_docked,parp14#1,KH2,front,18,11,0.1032,0.2929,0.858,1.041,0.0239,175,0.32
ternary_docked,parp14#1,KH2,rim,27,14,0.1472,0.4176,1.074,0.99,0.0239,175,0.32
ternary_docked,parp14#1,KH2,back,19,8,0.1021,0.2895,1.067,0.975,0.0239,175,0.32
ternary_docked,parp14#1,KH3,front,21,16,0.1979,0.3374,0.989,1.012,0.0336,228,0.35
ternary_docked,parp14#1,KH3,rim,19,11,0.1172,0.1999,0.742,0.663,0.0336,228,0.35
ternary_docked,parp14#1,KH3,back,23,8,0.2714,0.4627,1.376,1.268,0.0336,228,0.35
ternary_docked,parp14#1,KH4,front,19,9,0.1235,0.2609,0.905,0.879,0.0289,180,0.38
ternary_docked,parp14#1,KH4,rim,27,11,0.1446,0.3054,0.703,0.724,0.0289,180,0.38
ternary_docked,parp14#1,KH4,back,18,13,0.2053,0.4337,1.317,1.542,0.0289,180,0.38
ternary_docked,parp14#1,KH5,front,24,16,0.1369,0.3791,0.981,1.153,0.0259,195,0.31
ternary_docked,parp14#1,KH5,rim,25,12,0.1037,0.287,0.881,0.838,0.0259,195,0.31
ternary_docked,parp14#1,KH5,back,24,10,0.1206,0.3339,1.174,1.016,0.0259,195,0.31
ternary_docked,parp14#1,KH6,front,21,11,0.0883,0.2741,0.935,0.875,0.0245,186,0.31
ternary_docked,parp14#1,KH6,rim,24,13,0.0997,0.3094,0.918,0.864,0.0245,186,0.31
ternary_docked,parp14#1,KH6,back,22,12,0.1342,0.4165,1.149,1.268,0.0245,186,0.31
ternary_docked,parp14#1,1/2KH7a,front,12,6,0.1112,0.5988,1.938,1.896,0.0173,123,0.33
ternary_docked,parp14#1,1/2KH7a,rim,13,5,0.0381,0.2053,0.771,0.6,0.0173,123,0.33
ternary_docked,parp14#1,1/2KH7a,back,13,8,0.0364,0.1958,0.44,0.572,0.0173,123,0.33
ternary_docked,parp14#1,MD1,active,57,34,0.5883,0.5276,1.597,1.731,0.0483,245,0.47
ternary_docked,parp14#1,MD1,rim,79,34,0.3072,0.2755,0.795,0.652,0.0483,245,0.47
ternary_docked,parp14#1,MD1,back,51,37,0.2196,0.1969,0.639,0.722,0.0483,245,0.47
ternary_docked,parp14#1,MD2,active,51,31,0.5699,0.3504,1.119,1.264,0.061,314,0.46
ternary_docked,parp14#1,MD2,rim,86,36,0.6632,0.4078,1.059,0.872,0.061,314,0.46
ternary_docked,parp14#1,MD2,back,47,33,0.3933,0.2418,0.823,0.947,0.061,314,0.46
ternary_docked,parp14#1,MD3,active,52,35,14.3594,0.8457,2.316,2.732,0.1448,181,1.9
ternary_docked,parp14#1,MD3,rim,69,26,2.3012,0.1355,0.21,0.33,0.1448,181,1.9
ternary_docked,parp14#1,MD3,back,47,28,0.319,0.0188,0.089,0.067,0.1448,181,1.9
ternary_docked,parp14#1,1/2KH7b,front,8,6,0.0408,0.2421,0.735,0.817,0.016,124,0.31
ternary_docked,parp14#1,1/2KH7b,rim,11,5,0.0557,0.3305,1.088,0.811,0.016,124,0.31
ternary_docked,parp14#1,1/2KH7b,back,8,3,0.0721,0.4274,1.384,1.442,0.016,124,0.31
ternary_docked,parp14#1,KH8,front,15,11,0.0885,0.2025,0.836,1.08,0.0287,183,0.37
ternary_docked,parp14#1,KH8,rim,44,23,0.2084,0.4768,0.953,0.867,0.0287,183,0.37
ternary_docked,parp14#1,KH8,back,21,10,0.1402,0.3207,1.288,1.222,0.0287,183,0.37
ternary_docked,parp14#1,WWE,active,21,14,0.1665,0.4622,1.274,1.431,0.0223,172,0.31
ternary_docked,parp14#1,WWE,rim,24,11,0.1051,0.2918,0.796,0.79,0.0223,172,0.31
ternary_docked,parp14#1,WWE,back,20,9,0.0886,0.246,0.823,0.799,0.0223,172,0.31
ternary_docked,parp14#1,ART,active,55,32,0.4333,0.411,1.198,1.367,0.0428,244,0.42
ternary_docked,parp14#1,ART,rim,72,28,0.274,0.2599,0.878,0.661,0.0428,244,0.42
ternary_docked,parp14#1,ART,back,56,35,0.3469,0.3291,0.916,1.075,0.0428,244,0.42
ternary_docked,parp9#2,1/2KH1a,front,13,6,0.1131,0.515,1.503,1.466,0.0199,147,0.32
ternary_docked,parp9#2,1/2KH1a,rim,11,6,0.0494,0.2251,0.939,0.757,0.0199,147,0.32
ternary_docked,parp9#2,1/2KH1a,back,13,10,0.0571,0.26,0.735,0.74,0.0199,147,0.32
ternary_docked,parp9#2,MD1,active,55,36,0.5235,0.388,1.21,1.34,0.0542,255,0.51
ternary_docked,parp9#2,MD1,rim,87,33,0.4953,0.3671,1.057,0.802,0.0542,255,0.51
ternary_docked,parp9#2,MD1,back,48,39,0.3304,0.2449,0.758,0.969,0.0542,255,0.51
ternary_docked,parp9#2,MD2,active,54,37,0.403,0.4043,1.147,1.37,0.0467,280,0.4
ternary_docked,parp9#2,MD2,rim,83,38,0.403,0.4043,1.076,0.891,0.0467,280,0.4
ternary_docked,parp9#2,MD2,back,46,26,0.1907,0.1913,0.679,0.761,0.0467,280,0.4
ternary_docked,parp9#2,1/2KH1b,front,8,7,0.0432,0.2814,0.698,0.844,0.0167,131,0.3
ternary_docked,parp9#2,1/2KH1b,rim,8,5,0.0323,0.2101,0.832,0.63,0.0167,131,0.3
ternary_docked,parp9#2,1/2KH1b,back,8,4,0.0781,0.5085,1.737,1.526,0.0167,131,0.3
ternary_docked,parp9#2,KH2,front,16,11,0.1727,0.2471,1.041,1.236,0.0367,210,0.42
ternary_docked,parp9#2,KH2,rim,42,19,0.3191,0.4566,0.986,0.87,0.0367,210,0.42
ternary_docked,parp9#2,KH2,back,22,10,0.2071,0.2963,0.982,1.077,0.0367,210,0.42
ternary_docked,parp9#2,ART,active,55,24,0.3641,0.3813,1.217,1.248,0.0452,251,0.43
ternary_docked,parp9#2,ART,rim,78,32,0.2431,0.2546,0.735,0.588,0.0452,251,0.43
ternary_docked,parp9#2,ART,back,47,36,0.3477,0.3641,1.091,1.394,0.0452,251,0.43
ternary_docked,dtx3l#3,RRM,front,26,15,0.2229,0.4041,1.102,1.197,0.036,264,0.32
ternary_docked,dtx3l#3,RRM,rim,22,6,0.0789,0.1431,0.697,0.501,0.036,264,0.32
ternary_docked,dtx3l#3,RRM,back,29,18,0.2498,0.4528,1.016,1.202,0.036,264,0.32
ternary_docked,dtx3l#3,KH1,front,16,12,0.1714,0.2722,0.912,1.089,0.0377,264,0.34
ternary_docked,dtx3l#3,KH1,rim,26,13,0.2217,0.3521,1.012,0.867,0.0377,264,0.34
ternary_docked,dtx3l#3,KH1,back,22,11,0.2365,0.3757,1.082,1.093,0.0377,264,0.34
ternary_docked,dtx3l#3,KH2,front,20,11,0.2871,0.383,1.295,1.34,0.0379,246,0.37
ternary_docked,dtx3l#3,KH2,rim,29,15,0.2175,0.2902,0.754,0.7,0.0379,246,0.37
ternary_docked,dtx3l#3,KH2,back,21,13,0.245,0.3268,1.034,1.089,0.0379,246,0.37
ternary_docked,dtx3l#3,KH3,front,18,7,0.1271,0.2841,0.988,0.915,0.0323,240,0.32
ternary_docked,dtx3l#3,KH3,rim,20,9,0.1264,0.2826,0.943,0.819,0.0323,240,0.32
ternary_docked,dtx3l#3,KH3,back,20,15,0.1939,0.4334,1.04,1.257,0.0323,240,0.32
ternary_docked,dtx3l#3,KH4,front,19,11,0.2765,0.3892,1.24,1.434,0.0483,328,0.35
ternary_docked,dtx3l#3,KH4,rim,27,11,0.1789,0.2518,0.767,0.653,0.0483,328,0.35
ternary_docked,dtx3l#3,KH4,back,24,15,0.255,0.359,0.995,1.047,0.0483,328,0.35
ternary_docked,dtx3l#3,KH5,front,18,8,0.2833,0.3318,1.085,1.088,0.0545,376,0.34
ternary_docked,dtx3l#3,KH5,rim,22,6,0.2133,0.2499,0.73,0.67,0.0545,376,0.34
ternary_docked,dtx3l#3,KH5,back,19,16,0.3571,0.4183,1.059,1.299,0.0545,376,0.34
ternary_docked,dtx3l#3,RING,active,14,6,0.2626,0.3007,1.202,1.117,0.0589,415,0.34
ternary_docked,dtx3l#3,RING,rim,24,13,0.3671,0.4204,0.904,0.911,0.0589,415,0.34
ternary_docked,dtx3l#3,RING,back,14,8,0.2435,0.2789,1.005,1.036,0.0589,415,0.34
ternary_docked,dtx3l#3,DTC,active,35,21,0.9149,0.3489,1.179,1.296,0.0931,431,0.51
ternary_docked,dtx3l#3,DTC,rim,56,27,0.7891,0.301,0.765,0.699,0.0931,431,0.51
ternary_docked,dtx3l#3,DTC,back,39,23,0.9181,0.3501,1.113,1.167,0.0931,431,0.51
p14_homo,parp14#1,RRM1,front,27,10,0.1272,0.3383,0.962,1.027,0.0205,138,0.35
p14_homo,parp14#1,RRM1,rim,28,13,0.084,0.2232,0.762,0.654,0.0205,138,0.35
p14_homo,parp14#1,RRM1,back,27,21,0.165,0.4385,1.166,1.332,0.0205,138,0.35
p14_homo,parp14#1,RRM2,front,23,17,0.1235,0.3626,0.977,1.167,0.018,120,0.36
p14_homo,parp14#1,RRM2,rim,29,10,0.1091,0.3201,1.205,0.817,0.018,120,0.36
p14_homo,parp14#1,RRM2,back,22,17,0.1081,0.3174,0.902,1.067,0.018,120,0.36
p14_homo,parp14#1,RRM3,front,26,16,0.1075,0.3065,0.836,0.896,0.0173,117,0.35
p14_homo,parp14#1,RRM3,rim,27,10,0.1156,0.3298,1.186,0.928,0.0173,117,0.35
p14_homo,parp14#1,RRM3,back,23,15,0.1275,0.3637,1.051,1.202,0.0173,117,0.35
p14_homo,parp14#1,KH1,front,21,12,0.088,0.3649,1.25,1.32,0.0152,118,0.31
p14_homo,parp14#1,KH1,rim,31,13,0.0771,0.3195,0.837,0.783,0.0152,118,0.31
p14_homo,parp14#1,KH1,back,24,14,0.0761,0.3156,0.937,1.0,0.0152,118,0.31
p14_homo,parp14#1,KH2,front,14,11,0.0405,0.2136,0.859,0.976,0.0136,111,0.29
p14_homo,parp14#1,KH2,rim,32,20,0.0994,0.524,1.03,1.048,0.0136,111,0.29
p14_homo,parp14#1,KH2,back,18,5,0.0498,0.2624,1.19,0.933,0.0136,111,0.29
p14_homo,parp14#1,KH3,front,21,13,0.1322,0.3175,1.075,0.952,0.0199,126,0.37
p14_homo,parp14#1,KH3,rim,20,12,0.0838,0.2012,0.727,0.634,0.0199,126,0.37
p14_homo,parp14#1,KH3,back,22,9,0.2004,0.4813,1.255,1.378,0.0199,126,0.37
p14_homo,parp14#1,KH4,front,19,8,0.0861,0.3375,1.177,1.137,0.0173,112,0.37
p14_homo,parp14#1,KH4,rim,26,10,0.0693,0.2718,0.659,0.669,0.0173,112,0.37
p14_homo,parp14#1,KH4,back,19,14,0.0996,0.3907,1.143,1.316,0.0173,112,0.37
p14_homo,parp14#1,KH5,front,24,19,0.0654,0.2641,0.663,0.803,0.0154,94,0.39
p14_homo,parp14#1,KH5,rim,25,11,0.0741,0.2991,0.988,0.873,0.0154,94,0.39
p14_homo,parp14#1,KH5,back,24,10,0.1082,0.4368,1.653,1.329,0.0154,94,0.39
p14_homo,parp14#1,KH6,front,20,10,0.0592,0.2842,0.977,0.952,0.0137,95,0.34
p14_homo,parp14#1,KH6,rim,26,14,0.0637,0.3056,0.827,0.787,0.0137,95,0.34
p14_homo,parp14#1,KH6,back,21,11,0.0855,0.4103,1.24,1.309,0.0137,95,0.34
p14_homo,parp14#1,1/2KH7a,front,12,5,0.0587,0.6014,2.193,1.904,0.0093,69,0.32
p14_homo,parp14#1,1/2KH7a,rim,13,6,0.0216,0.2217,0.752,0.648,0.0093,69,0.32
p14_homo,parp14#1,1/2KH7a,back,13,8,0.0173,0.1769,0.441,0.517,0.0093,69,0.32
p14_homo,parp14#1,MD1,active,55,36,0.3412,0.5338,1.518,1.815,0.0243,125,0.46
p14_homo,parp14#1,MD1,rim,80,25,0.1804,0.2822,0.887,0.66,0.0243,125,0.46
p14_homo,parp14#1,MD1,back,52,33,0.1176,0.184,0.521,0.662,0.0243,125,0.46
p14_homo,parp14#1,MD2,active,53,31,0.2467,0.3893,1.069,1.351,0.0266,155,0.41
p14_homo,parp14#1,MD2,rim,84,33,0.2611,0.412,1.184,0.902,0.0266,155,0.41
p14_homo,parp14#1,MD2,back,47,28,0.126,0.1988,0.707,0.778,0.0266,155,0.41
p14_homo,parp14#1,MD3,active,50,36,0.1662,0.4451,1.205,1.496,0.0202,129,0.37
p14_homo,parp14#1,MD3,rim,72,32,0.1229,0.3292,0.888,0.768,0.0202,129,0.37
p14_homo,parp14#1,MD3,back,46,21,0.0843,0.2257,0.82,0.824,0.0202,129,0.37
p14_homo,parp14#1,1/2KH7b,front,9,6,0.023,0.2974,0.809,0.892,0.0075,59,0.3
p14_homo,parp14#1,1/2KH7b,rim,10,5,0.0247,0.3192,1.003,0.862,0.0075,59,0.3
p14_homo,parp14#1,1/2KH7b,back,8,3,0.0296,0.3834,1.376,1.294,0.0075,59,0.3
p14_homo,parp14#1,KH8,front,16,12,0.0829,0.3037,1.105,1.519,0.0178,120,0.35
p14_homo,parp14#1,KH8,rim,44,21,0.1315,0.4821,0.969,0.877,0.0178,120,0.35
p14_homo,parp14#1,KH8,back,20,9,0.0584,0.2142,0.931,0.857,0.0178,120,0.35
p14_homo,parp14#1,WWE,active,22,15,0.1211,0.4754,1.265,1.405,0.0181,128,0.34
p14_homo,parp14#1,WWE,rim,24,12,0.056,0.2198,0.674,0.595,0.0181,128,0.34
p14_homo,parp14#1,WWE,back,19,10,0.0776,0.3048,0.993,1.043,0.0181,128,0.34
p14_homo,parp14#1,ART,active,54,34,0.4031,0.37,1.081,1.254,0.0371,168,0.52
p14_homo,parp14#1,ART,rim,74,33,0.3195,0.2932,0.875,0.725,0.0371,168,0.52
p14_homo,parp14#1,ART,back,55,31,0.367,0.3368,1.044,1.121,0.0371,168,0.52
p14_homo,parp14#2,RRM1,front,28,13,0.1272,0.3373,0.992,0.988,0.0217,157,0.33
p14_homo,parp14#2,RRM1,rim,28,9,0.0907,0.2406,0.924,0.705,0.0217,157,0.33
p14_homo,parp14#2,RRM1,back,26,21,0.1592,0.4222,1.037,1.331,0.0217,157,0.33
p14_homo,parp14#2,RRM2,front,23,14,0.1668,0.3777,1.109,1.215,0.0232,140,0.39
p14_homo,parp14#2,RRM2,rim,29,12,0.1322,0.2993,0.902,0.764,0.0232,140,0.39
p14_homo,parp14#2,RRM2,back,22,15,0.1427,0.323,0.977,1.086,0.0232,140,0.39
p14_homo,parp14#2,RRM3,front,26,13,0.1235,0.293,0.821,0.857,0.0219,148,0.35
p14_homo,parp14#2,RRM3,rim,26,10,0.1062,0.2519,0.865,0.736,0.0219,148,0.35
p14_homo,parp14#2,RRM3,back,24,17,0.1918,0.4551,1.216,1.441,0.0219,148,0.35
p14_homo,parp14#2,KH1,front,21,11,0.1348,0.3774,1.256,1.366,0.0207,134,0.37
p14_homo,parp14#2,KH1,rim,30,13,0.0909,0.2544,0.78,0.644,0.0207,134,0.37
p14_homo,parp14#2,KH1,back,25,16,0.1315,0.3682,1.003,1.119,0.0207,134,0.37
p14_homo,parp14#2,KH2,front,12,12,0.0536,0.2223,0.856,1.185,0.0179,138,0.31
p14_homo,parp14#2,KH2,rim,35,21,0.1323,0.5482,1.079,1.002,0.0179,138,0.31
p14_homo,parp14#2,KH2,back,17,3,0.0554,0.2296,1.021,0.864,0.0179,138,0.31
p14_homo,parp14#2,KH3,front,21,12,0.0931,0.2684,0.865,0.805,0.0195,130,0.36
p14_homo,parp14#2,KH3,rim,21,11,0.0863,0.249,0.863,0.747,0.0195,130,0.36
p14_homo,parp14#2,KH3,back,21,9,0.1673,0.4826,1.347,1.448,0.0195,130,0.36
p14_homo,parp14#2,KH4,front,19,10,0.0714,0.2273,0.71,0.766,0.0181,125,0.34
p14_homo,parp14#2,KH4,rim,27,13,0.1064,0.3389,0.848,0.803,0.0181,125,0.34
p14_homo,parp14#2,KH4,back,18,13,0.1363,0.4338,1.375,1.542,0.0181,125,0.34
p14_homo,parp14#2,KH5,front,23,19,0.0621,0.2845,0.772,0.903,0.0137,104,0.31
p14_homo,parp14#2,KH5,rim,27,15,0.0685,0.3134,0.915,0.847,0.0137,104,0.31
p14_homo,parp14#2,KH5,back,23,8,0.0878,0.4021,1.701,1.276,0.0137,104,0.31
p14_homo,parp14#2,KH6,front,22,13,0.0325,0.2384,0.696,0.726,0.0093,73,0.3
p14_homo,parp14#2,KH6,rim,23,11,0.0427,0.3132,1.06,0.912,0.0093,73,0.3
p14_homo,parp14#2,KH6,back,22,13,0.0611,0.4484,1.254,1.366,0.0093,73,0.3
p14_homo,parp14#2,1/2KH7a,front,12,5,0.0465,0.5111,1.796,1.619,0.0078,59,0.32
p14_homo,parp14#2,1/2KH7a,rim,13,6,0.0193,0.212,0.751,0.62,0.0078,59,0.32
p14_homo,parp14#2,1/2KH7a,back,13,8,0.0252,0.2769,0.689,0.809,0.0078,59,0.32
p14_homo,parp14#2,MD1,active,57,36,0.2817,0.5496,1.548,1.803,0.0217,112,0.46
p14_homo,parp14#2,MD1,rim,79,28,0.1419,0.2769,0.867,0.655,0.0217,112,0.46
p14_homo,parp14#2,MD1,back,51,34,0.0889,0.1735,0.529,0.636,0.0217,112,0.46
p14_homo,parp14#2,MD2,active,52,33,0.1987,0.282,0.891,0.998,0.0264,121,0.52
p14_homo,parp14#2,MD2,rim,86,39,0.333,0.4727,1.184,1.011,0.0264,121,0.52
p14_homo,parp14#2,MD2,back,46,29,0.1728,0.2453,0.876,0.981,0.0264,121,0.52
p14_homo,parp14#2,MD3,active,51,33,0.1923,0.3994,1.17,1.316,0.0234,142,0.39
p14_homo,parp14#2,MD3,rim,70,29,0.1828,0.3797,1.127,0.911,0.0234,142,0.39
p14_homo,parp14#2,MD3,back,47,31,0.1064,0.2209,0.7,0.79,0.0234,142,0.39
p14_homo,parp14#2,1/2KH7b,front,8,6,0.0205,0.3315,0.874,1.119,0.0064,52,0.29
p14_homo,parp14#2,1/2KH7b,rim,11,4,0.0174,0.2812,1.015,0.69,0.0064,52,0.29
p14_homo,parp14#2,1/2KH7b,back,8,4,0.024,0.3872,1.174,1.307,0.0064,52,0.29
p14_homo,parp14#2,KH8,front,16,13,0.0713,0.2948,1.021,1.474,0.0153,93,0.39
p14_homo,parp14#2,KH8,rim,43,22,0.1172,0.4845,0.995,0.901,0.0153,93,0.39
p14_homo,parp14#2,KH8,back,21,9,0.0534,0.2207,0.981,0.841,0.0153,93,0.39
p14_homo,parp14#2,WWE,active,21,16,0.1022,0.4186,1.131,1.296,0.0161,122,0.31
p14_homo,parp14#2,WWE,rim,24,12,0.0672,0.2752,0.811,0.745,0.0161,122,0.31
p14_homo,parp14#2,WWE,back,20,10,0.0748,0.3062,1.017,0.995,0.0161,122,0.31
p14_homo,parp14#2,ART,active,52,34,0.3454,0.4328,1.289,1.523,0.0298,158,0.45
p14_homo,parp14#2,ART,rim,77,36,0.2493,0.3124,0.898,0.742,0.0298,158,0.45
p14_homo,parp14#2,ART,back,54,31,0.2034,0.2548,0.801,0.863,0.0298,158,0.45
