model,kind,chain_i,domain_i,chain_j,domain_j,n_rep,n_frames,n_bound_frames,pct_contact,pct_contact_bound,mean_min_nm,mean_min_bound_nm,median_min_bound_nm,closest_nm
conv_h20_150,intra,parp9,1/2KH1a,parp9,MD1,5,755,755,32.715,32.72,1.43,1.43,1.32,0.5
conv_h20_150,intra,parp9,1/2KH1a,parp9,MD2,5,755,755,13.642,13.64,2.32,2.32,2.25,0.54
conv_h20_150,intra,parp9,1/2KH1a,parp9,1/2KH1b,5,755,755,100.0,100.0,0.33,0.33,0.33,0.17
conv_h20_150,intra,parp9,1/2KH1a,parp9,KH2,5,755,755,43.576,43.58,1.15,1.15,1.1,0.5
conv_h20_150,intra,parp9,1/2KH1a,parp9,ART,5,755,755,5.033,5.03,4.49,4.49,4.54,0.53
conv_h20_150,intra,parp9,MD1,parp9,MD2,5,755,755,43.841,43.84,1.31,1.31,1.15,0.49
conv_h20_150,intra,parp9,MD1,parp9,1/2KH1b,5,755,755,19.735,19.74,1.8,1.8,1.78,0.55
conv_h20_150,intra,parp9,MD1,parp9,KH2,5,755,755,10.464,10.46,2.87,2.87,2.96,0.52
conv_h20_150,intra,parp9,MD1,parp9,ART,5,755,755,5.563,5.56,5.38,5.38,5.28,0.53
conv_h20_150,intra,parp9,MD2,parp9,1/2KH1b,5,755,755,7.55,7.55,2.65,2.65,2.58,0.56
conv_h20_150,intra,parp9,MD2,parp9,KH2,5,755,755,10.199,10.2,3.39,3.39,3.36,0.52
conv_h20_150,intra,parp9,MD2,parp9,ART,5,755,755,5.563,5.56,5.84,5.84,5.78,0.52
conv_h20_150,intra,parp9,1/2KH1b,parp9,KH2,5,755,755,58.808,58.81,0.94,0.94,0.92,0.48
conv_h20_150,intra,parp9,1/2KH1b,parp9,ART,5,755,755,3.841,3.84,4.55,4.55,4.61,0.54
conv_h20_150,intra,parp9,KH2,parp9,ART,5,755,755,26.093,26.09,1.99,1.99,1.88,0.5
conv_h20_150,intra,dtx3l,RRM,dtx3l,KH1,5,755,755,9.404,9.4,3.51,3.51,3.37,0.51
conv_h20_150,intra,dtx3l,RRM,dtx3l,KH2,5,755,755,2.252,2.25,6.53,6.53,6.55,0.52
conv_h20_150,intra,dtx3l,RRM,dtx3l,KH3,5,755,755,1.06,1.06,7.58,7.58,7.51,0.56
conv_h20_150,intra,dtx3l,RRM,dtx3l,KH4,5,755,755,0.662,0.66,8.95,8.95,8.92,0.59
conv_h20_150,intra,dtx3l,RRM,dtx3l,KH5,5,755,755,0.132,0.13,9.87,9.87,9.76,0.58
conv_h20_150,intra,dtx3l,RRM,dtx3l,RING,5,755,755,0.397,0.4,11.51,11.51,11.49,0.53
conv_h20_150,intra,dtx3l,RRM,dtx3l,DTC,5,755,755,1.325,1.32,11.61,11.61,11.65,0.52
conv_h20_150,intra,dtx3l,KH1,dtx3l,KH2,5,755,755,9.669,9.67,2.99,2.99,2.91,0.51
conv_h20_150,intra,dtx3l,KH1,dtx3l,KH3,5,755,755,3.974,3.97,4.31,4.31,4.21,0.57
conv_h20_150,intra,dtx3l,KH1,dtx3l,KH4,5,755,755,1.589,1.59,6.13,6.13,6.03,0.54
conv_h20_150,intra,dtx3l,KH1,dtx3l,KH5,5,755,755,0.927,0.93,7.27,7.27,7.29,0.66
conv_h20_150,intra,dtx3l,KH1,dtx3l,RING,5,755,755,0.927,0.93,9.42,9.42,9.58,0.63
conv_h20_150,intra,dtx3l,KH1,dtx3l,DTC,5,755,755,2.119,2.12,9.73,9.73,9.71,0.56
conv_h20_150,intra,dtx3l,KH2,dtx3l,KH3,5,755,755,85.695,85.7,0.8,0.8,0.74,0.51
conv_h20_150,intra,dtx3l,KH2,dtx3l,KH4,5,755,755,2.517,2.52,3.4,3.4,3.45,0.58
conv_h20_150,intra,dtx3l,KH2,dtx3l,KH5,5,755,755,3.311,3.31,4.84,4.84,4.99,0.54
conv_h20_150,intra,dtx3l,KH2,dtx3l,RING,5,755,755,1.854,1.85,7.6,7.6,7.69,0.55
conv_h20_150,intra,dtx3l,KH2,dtx3l,DTC,5,755,755,2.649,2.65,8.08,8.08,8.15,0.55
conv_h20_150,intra,dtx3l,KH3,dtx3l,KH4,5,755,755,33.245,33.25,1.41,1.41,1.28,0.47
conv_h20_150,intra,dtx3l,KH3,dtx3l,KH5,5,755,755,7.152,7.15,3.2,3.2,3.3,0.52
conv_h20_150,intra,dtx3l,KH3,dtx3l,RING,5,755,755,1.457,1.46,6.51,6.51,6.43,0.6
conv_h20_150,intra,dtx3l,KH3,dtx3l,DTC,5,755,755,2.384,2.38,7.13,7.13,7.15,0.52
conv_h20_150,intra,dtx3l,KH4,dtx3l,KH5,5,755,755,92.715,92.72,0.74,0.74,0.7,0.49
conv_h20_150,intra,dtx3l,KH4,dtx3l,RING,5,755,755,1.987,1.99,4.84,4.84,4.77,0.54
conv_h20_150,intra,dtx3l,KH4,dtx3l,DTC,5,755,755,3.179,3.18,5.73,5.73,5.66,0.53
conv_h20_150,intra,dtx3l,KH5,dtx3l,RING,5,755,755,5.96,5.96,3.84,3.84,3.86,0.56
conv_h20_150,intra,dtx3l,KH5,dtx3l,DTC,5,755,755,3.974,3.97,4.97,4.97,4.91,0.54
conv_h20_150,intra,dtx3l,RING,dtx3l,DTC,5,755,755,100.0,100.0,0.37,0.37,0.37,0.32
conv_h20_150,inter,parp9,1/2KH1a,dtx3l,RRM,5,755,742,0.662,0.67,9.63,9.61,9.56,0.61
conv_h20_150,inter,parp9,1/2KH1a,dtx3l,KH1,5,755,742,1.06,1.08,7.1,7.08,7.06,0.58
conv_h20_150,inter,parp9,1/2KH1a,dtx3l,KH2,5,755,742,3.709,3.77,4.72,4.71,4.8,0.55
conv_h20_150,inter,parp9,1/2KH1a,dtx3l,KH3,5,755,742,4.901,4.99,3.33,3.32,3.39,0.5
conv_h20_150,inter,parp9,1/2KH1a,dtx3l,KH4,5,755,742,1.987,2.02,3.39,3.37,3.44,0.58
conv_h20_150,inter,parp9,1/2KH1a,dtx3l,KH5,5,755,742,2.517,2.56,4.46,4.43,4.6,0.59
conv_h20_150,inter,parp9,1/2KH1a,dtx3l,RING,5,755,742,0.53,0.54,7.31,7.29,7.17,0.65
conv_h20_150,inter,parp9,1/2KH1a,dtx3l,DTC,5,755,742,1.854,1.89,7.86,7.82,7.68,0.6
conv_h20_150,inter,parp9,MD1,dtx3l,RRM,5,755,742,1.457,1.48,9.9,9.88,9.94,0.58
conv_h20_150,inter,parp9,MD1,dtx3l,KH1,5,755,742,2.384,2.43,7.71,7.7,7.65,0.58
conv_h20_150,inter,parp9,MD1,dtx3l,KH2,5,755,742,4.238,4.31,5.73,5.72,5.9,0.53
conv_h20_150,inter,parp9,MD1,dtx3l,KH3,5,755,742,3.311,3.37,4.69,4.68,4.64,0.5
conv_h20_150,inter,parp9,MD1,dtx3l,KH4,5,755,742,2.252,2.29,4.67,4.65,4.81,0.63
conv_h20_150,inter,parp9,MD1,dtx3l,KH5,5,755,742,3.179,3.23,5.49,5.46,5.53,0.51
conv_h20_150,inter,parp9,MD1,dtx3l,RING,5,755,742,3.576,3.64,7.81,7.77,7.5,0.5
conv_h20_150,inter,parp9,MD1,dtx3l,DTC,5,755,742,4.636,4.72,8.24,8.2,8.08,0.52
conv_h20_150,inter,parp9,MD2,dtx3l,RRM,5,755,742,1.457,1.48,10.27,10.26,10.16,0.56
conv_h20_150,inter,parp9,MD2,dtx3l,KH1,5,755,742,1.457,1.48,8.14,8.12,8.1,0.51
conv_h20_150,inter,parp9,MD2,dtx3l,KH2,5,755,742,3.046,3.1,6.19,6.18,6.25,0.49
conv_h20_150,inter,parp9,MD2,dtx3l,KH3,5,755,742,1.722,1.75,5.24,5.23,5.16,0.54
conv_h20_150,inter,parp9,MD2,dtx3l,KH4,5,755,742,1.854,1.89,5.18,5.16,5.22,0.6
conv_h20_150,inter,parp9,MD2,dtx3l,KH5,5,755,742,2.517,2.56,6.01,5.98,5.93,0.54
conv_h20_150,inter,parp9,MD2,dtx3l,RING,5,755,742,1.325,1.35,8.29,8.25,8.01,0.55
conv_h20_150,inter,parp9,MD2,dtx3l,DTC,5,755,742,3.311,3.37,8.67,8.62,8.35,0.55
conv_h20_150,inter,parp9,1/2KH1b,dtx3l,RRM,5,755,742,0.795,0.81,9.73,9.71,9.68,0.59
conv_h20_150,inter,parp9,1/2KH1b,dtx3l,KH1,5,755,742,0.53,0.54,7.19,7.17,7.08,0.74
conv_h20_150,inter,parp9,1/2KH1b,dtx3l,KH2,5,755,742,3.046,3.1,4.8,4.79,4.96,0.55
conv_h20_150,inter,parp9,1/2KH1b,dtx3l,KH3,5,755,742,5.033,5.12,3.32,3.31,3.36,0.55
conv_h20_150,inter,parp9,1/2KH1b,dtx3l,KH4,5,755,742,0.662,0.67,3.4,3.39,3.5,0.56
conv_h20_150,inter,parp9,1/2KH1b,dtx3l,KH5,5,755,742,2.781,2.83,4.5,4.48,4.66,0.56
conv_h20_150,inter,parp9,1/2KH1b,dtx3l,RING,5,755,742,0.662,0.67,7.44,7.42,7.26,0.64
conv_h20_150,inter,parp9,1/2KH1b,dtx3l,DTC,5,755,742,2.119,2.16,7.98,7.94,7.77,0.48
conv_h20_150,inter,parp9,KH2,dtx3l,RRM,5,755,742,0.927,0.94,8.61,8.59,8.52,0.58
conv_h20_150,inter,parp9,KH2,dtx3l,KH1,5,755,742,1.722,1.75,5.87,5.86,5.8,0.58
conv_h20_150,inter,parp9,KH2,dtx3l,KH2,5,755,742,4.238,4.31,3.22,3.21,3.23,0.52
conv_h20_150,inter,parp9,KH2,dtx3l,KH3,5,755,742,37.616,38.27,1.33,1.32,1.2,0.49
conv_h20_150,inter,parp9,KH2,dtx3l,KH4,5,755,742,89.801,91.37,0.75,0.74,0.68,0.48
conv_h20_150,inter,parp9,KH2,dtx3l,KH5,5,755,742,21.722,22.1,2.01,1.99,1.9,0.49
conv_h20_150,inter,parp9,KH2,dtx3l,RING,5,755,742,1.987,2.02,5.47,5.47,5.23,0.54
conv_h20_150,inter,parp9,KH2,dtx3l,DTC,5,755,742,3.841,3.91,6.2,6.18,6.01,0.5
conv_h20_150,inter,parp9,ART,dtx3l,RRM,5,755,742,0.795,0.81,9.64,9.63,9.54,0.54
conv_h20_150,inter,parp9,ART,dtx3l,KH1,5,755,742,2.517,2.56,7.22,7.2,7.24,0.54
conv_h20_150,inter,parp9,ART,dtx3l,KH2,5,755,742,5.563,5.66,5.15,5.14,5.3,0.52
conv_h20_150,inter,parp9,ART,dtx3l,KH3,5,755,742,6.623,6.74,3.81,3.8,3.78,0.52
conv_h20_150,inter,parp9,ART,dtx3l,KH4,5,755,742,22.649,23.05,2.05,2.04,1.96,0.52
conv_h20_150,inter,parp9,ART,dtx3l,KH5,5,755,742,14.305,14.56,3.08,3.07,2.92,0.53
conv_h20_150,inter,parp9,ART,dtx3l,RING,5,755,742,3.179,3.23,5.84,5.84,5.79,0.58
conv_h20_150,inter,parp9,ART,dtx3l,DTC,5,755,742,4.768,4.85,6.51,6.51,6.52,0.55
conv_unres_150,intra,parp9,1/2KH1a,parp9,MD1,7,1057,1057,38.032,38.03,1.36,1.36,1.26,0.48
conv_unres_150,intra,parp9,1/2KH1a,parp9,MD2,7,1057,1057,14.759,14.76,2.33,2.33,2.27,0.51
conv_unres_150,intra,parp9,1/2KH1a,parp9,1/2KH1b,7,1057,1057,100.0,100.0,0.32,0.32,0.33,0.18
conv_unres_150,intra,parp9,1/2KH1a,parp9,KH2,7,1057,1057,47.588,47.59,1.12,1.12,1.02,0.46
conv_unres_150,intra,parp9,1/2KH1a,parp9,ART,7,1057,1057,7.096,7.1,4.21,4.21,4.13,0.54
conv_unres_150,intra,parp9,MD1,parp9,MD2,7,1057,1057,40.114,40.11,1.39,1.39,1.28,0.49
conv_unres_150,intra,parp9,MD1,parp9,1/2KH1b,7,1057,1057,19.678,19.68,1.75,1.75,1.7,0.51
conv_unres_150,intra,parp9,MD1,parp9,KH2,7,1057,1057,12.11,12.11,2.71,2.71,2.78,0.5
conv_unres_150,intra,parp9,MD1,parp9,ART,7,1057,1057,7.569,7.57,4.95,4.95,4.86,0.44
conv_unres_150,intra,parp9,MD2,parp9,1/2KH1b,7,1057,1057,8.704,8.7,2.66,2.66,2.68,0.51
conv_unres_150,intra,parp9,MD2,parp9,KH2,7,1057,1057,11.069,11.07,3.25,3.25,3.25,0.51
conv_unres_150,intra,parp9,MD2,parp9,ART,7,1057,1057,5.582,5.58,5.44,5.44,5.38,0.53
conv_unres_150,intra,parp9,1/2KH1b,parp9,KH2,7,1057,1057,62.346,62.35,0.92,0.92,0.88,0.5
conv_unres_150,intra,parp9,1/2KH1b,parp9,ART,7,1057,1057,5.96,5.96,4.29,4.29,4.24,0.54
conv_unres_150,intra,parp9,KH2,parp9,ART,7,1057,1057,29.707,29.71,1.92,1.92,1.71,0.48
conv_unres_150,intra,dtx3l,RRM,dtx3l,KH1,7,1057,1057,10.501,10.5,3.49,3.49,3.26,0.53
conv_unres_150,intra,dtx3l,RRM,dtx3l,KH2,7,1057,1057,2.176,2.18,6.42,6.42,6.29,0.5
conv_unres_150,intra,dtx3l,RRM,dtx3l,KH3,7,1057,1057,1.23,1.23,7.3,7.3,7.26,0.52
conv_unres_150,intra,dtx3l,RRM,dtx3l,KH4,7,1057,1057,1.514,1.51,8.37,8.37,8.11,0.61
conv_unres_150,intra,dtx3l,RRM,dtx3l,KH5,7,1057,1057,1.419,1.42,9.12,9.12,8.99,0.58
conv_unres_150,intra,dtx3l,RRM,dtx3l,RING,7,1057,1057,0.284,0.28,10.8,10.8,10.7,0.53
conv_unres_150,intra,dtx3l,RRM,dtx3l,DTC,7,1057,1057,0.757,0.76,10.92,10.92,11.03,0.58
conv_unres_150,intra,dtx3l,KH1,dtx3l,KH2,7,1057,1057,10.123,10.12,2.99,2.99,2.87,0.53
conv_unres_150,intra,dtx3l,KH1,dtx3l,KH3,7,1057,1057,5.393,5.39,4.2,4.2,4.13,0.53
conv_unres_150,intra,dtx3l,KH1,dtx3l,KH4,7,1057,1057,2.649,2.65,5.83,5.83,5.68,0.49
conv_unres_150,intra,dtx3l,KH1,dtx3l,KH5,7,1057,1057,2.176,2.18,6.82,6.82,6.7,0.5
conv_unres_150,intra,dtx3l,KH1,dtx3l,RING,7,1057,1057,0.757,0.76,8.96,8.96,8.83,0.57
conv_unres_150,intra,dtx3l,KH1,dtx3l,DTC,7,1057,1057,1.608,1.61,9.2,9.2,9.22,0.52
conv_unres_150,intra,dtx3l,KH2,dtx3l,KH3,7,1057,1057,82.971,82.97,0.8,0.8,0.76,0.53
conv_unres_150,intra,dtx3l,KH2,dtx3l,KH4,7,1057,1057,5.582,5.58,3.39,3.39,3.44,0.49
conv_unres_150,intra,dtx3l,KH2,dtx3l,KH5,7,1057,1057,4.163,4.16,4.63,4.63,4.61,0.51
conv_unres_150,intra,dtx3l,KH2,dtx3l,RING,7,1057,1057,0.946,0.95,7.17,7.17,7.05,0.55
conv_unres_150,intra,dtx3l,KH2,dtx3l,DTC,7,1057,1057,2.744,2.74,7.58,7.58,7.58,0.56
conv_unres_150,intra,dtx3l,KH3,dtx3l,KH4,7,1057,1057,28.855,28.86,1.65,1.65,1.54,0.46
conv_unres_150,intra,dtx3l,KH3,dtx3l,KH5,7,1057,1057,7.663,7.66,3.16,3.16,3.14,0.53
conv_unres_150,intra,dtx3l,KH3,dtx3l,RING,7,1057,1057,1.608,1.61,6.13,6.13,5.93,0.58
conv_unres_150,intra,dtx3l,KH3,dtx3l,DTC,7,1057,1057,2.933,2.93,6.68,6.68,6.64,0.49
conv_unres_150,intra,dtx3l,KH4,dtx3l,KH5,7,1057,1057,93.851,93.85,0.73,0.73,0.7,0.49
conv_unres_150,intra,dtx3l,KH4,dtx3l,RING,7,1057,1057,5.014,5.01,4.52,4.52,4.45,0.53
conv_unres_150,intra,dtx3l,KH4,dtx3l,DTC,7,1057,1057,6.906,6.91,5.35,5.35,5.3,0.5
conv_unres_150,intra,dtx3l,KH5,dtx3l,RING,7,1057,1057,5.676,5.68,3.72,3.72,3.63,0.56
conv_unres_150,intra,dtx3l,KH5,dtx3l,DTC,7,1057,1057,4.163,4.16,4.8,4.8,4.71,0.49
conv_unres_150,intra,dtx3l,RING,dtx3l,DTC,7,1057,1057,100.0,100.0,0.37,0.37,0.37,0.32
conv_unres_150,inter,parp9,1/2KH1a,dtx3l,RRM,7,1057,56,0.0,0.0,16.83,10.72,10.58,1.91
conv_unres_150,inter,parp9,1/2KH1a,dtx3l,KH1,7,1057,56,0.0,0.0,16.69,8.84,7.61,1.67
conv_unres_150,inter,parp9,1/2KH1a,dtx3l,KH2,7,1057,56,0.095,1.79,16.78,7.92,7.4,0.8
conv_unres_150,inter,parp9,1/2KH1a,dtx3l,KH3,7,1057,56,0.095,1.79,17.0,7.48,7.11,0.62
conv_unres_150,inter,parp9,1/2KH1a,dtx3l,KH4,7,1057,56,0.0,0.0,16.78,7.19,7.02,1.58
conv_unres_150,inter,parp9,1/2KH1a,dtx3l,KH5,7,1057,56,0.0,0.0,16.91,7.65,6.92,1.31
conv_unres_150,inter,parp9,1/2KH1a,dtx3l,RING,7,1057,56,0.0,0.0,16.86,8.77,7.61,1.64
conv_unres_150,inter,parp9,1/2KH1a,dtx3l,DTC,7,1057,56,0.284,5.36,16.38,8.57,7.33,0.64
conv_unres_150,inter,parp9,MD1,dtx3l,RRM,7,1057,56,0.189,3.57,15.96,9.81,8.75,0.76
conv_unres_150,inter,parp9,MD1,dtx3l,KH1,7,1057,56,0.189,3.57,15.9,7.97,7.24,0.79
conv_unres_150,inter,parp9,MD1,dtx3l,KH2,7,1057,56,0.473,8.93,16.0,7.03,6.72,0.59
conv_unres_150,inter,parp9,MD1,dtx3l,KH3,7,1057,56,0.378,7.14,16.25,6.56,6.48,0.55
conv_unres_150,inter,parp9,MD1,dtx3l,KH4,7,1057,56,0.757,14.29,16.06,6.04,6.25,0.56
conv_unres_150,inter,parp9,MD1,dtx3l,KH5,7,1057,56,0.095,1.79,16.24,6.33,5.28,0.59
conv_unres_150,inter,parp9,MD1,dtx3l,RING,7,1057,56,0.095,1.79,16.14,7.65,6.01,0.51
conv_unres_150,inter,parp9,MD1,dtx3l,DTC,7,1057,56,0.946,17.86,15.62,7.47,5.94,0.49
conv_unres_150,inter,parp9,MD2,dtx3l,RRM,7,1057,56,0.095,1.79,16.04,10.31,9.64,0.72
conv_unres_150,inter,parp9,MD2,dtx3l,KH1,7,1057,56,0.284,5.36,16.0,8.18,8.13,0.64
conv_unres_150,inter,parp9,MD2,dtx3l,KH2,7,1057,56,0.378,7.14,16.07,7.14,6.6,0.7
conv_unres_150,inter,parp9,MD2,dtx3l,KH3,7,1057,56,0.095,1.79,16.25,6.64,6.0,0.72
conv_unres_150,inter,parp9,MD2,dtx3l,KH4,7,1057,56,0.284,5.36,16.0,6.25,6.02,0.65
conv_unres_150,inter,parp9,MD2,dtx3l,KH5,7,1057,56,0.284,5.36,16.17,6.47,6.64,0.62
conv_unres_150,inter,parp9,MD2,dtx3l,RING,7,1057,56,0.095,1.79,16.11,7.93,6.66,0.94
conv_unres_150,inter,parp9,MD2,dtx3l,DTC,7,1057,56,0.284,5.36,15.6,7.72,6.52,0.59
conv_unres_150,inter,parp9,1/2KH1b,dtx3l,RRM,7,1057,56,0.0,0.0,17.01,10.83,10.43,1.41
conv_unres_150,inter,parp9,1/2KH1b,dtx3l,KH1,7,1057,56,0.0,0.0,16.86,8.97,8.02,1.18
conv_unres_150,inter,parp9,1/2KH1b,dtx3l,KH2,7,1057,56,0.095,1.79,16.96,8.08,7.26,0.98
conv_unres_150,inter,parp9,1/2KH1b,dtx3l,KH3,7,1057,56,0.0,0.0,17.17,7.62,7.06,1.21
conv_unres_150,inter,parp9,1/2KH1b,dtx3l,KH4,7,1057,56,0.0,0.0,16.94,7.36,7.32,1.26
conv_unres_150,inter,parp9,1/2KH1b,dtx3l,KH5,7,1057,56,0.0,0.0,17.08,7.86,6.91,1.56
conv_unres_150,inter,parp9,1/2KH1b,dtx3l,RING,7,1057,56,0.0,0.0,17.04,8.99,8.18,1.43
conv_unres_150,inter,parp9,1/2KH1b,dtx3l,DTC,7,1057,56,0.284,5.36,16.55,8.81,7.46,0.63
conv_unres_150,inter,parp9,KH2,dtx3l,RRM,7,1057,56,0.189,3.57,16.39,10.47,9.52,0.58
conv_unres_150,inter,parp9,KH2,dtx3l,KH1,7,1057,56,0.189,3.57,16.2,8.62,8.03,0.69
conv_unres_150,inter,parp9,KH2,dtx3l,KH2,7,1057,56,0.189,3.57,16.27,7.82,7.57,0.69
conv_unres_150,inter,parp9,KH2,dtx3l,KH3,7,1057,56,0.0,0.0,16.46,7.45,7.04,1.22
conv_unres_150,inter,parp9,KH2,dtx3l,KH4,7,1057,56,0.095,1.79,16.27,7.09,6.31,0.65
conv_unres_150,inter,parp9,KH2,dtx3l,KH5,7,1057,56,0.0,0.0,16.42,7.58,7.01,1.19
conv_unres_150,inter,parp9,KH2,dtx3l,RING,7,1057,56,0.284,5.36,16.37,8.64,8.0,0.58
conv_unres_150,inter,parp9,KH2,dtx3l,DTC,7,1057,56,0.378,7.14,15.89,8.38,6.91,0.58
conv_unres_150,inter,parp9,ART,dtx3l,RRM,7,1057,56,0.189,3.57,15.99,10.63,9.87,0.62
conv_unres_150,inter,parp9,ART,dtx3l,KH1,7,1057,56,0.284,5.36,15.87,8.85,8.51,0.56
conv_unres_150,inter,parp9,ART,dtx3l,KH2,7,1057,56,0.189,3.57,15.85,8.37,7.66,0.7
conv_unres_150,inter,parp9,ART,dtx3l,KH3,7,1057,56,0.095,1.79,16.04,7.98,7.71,0.6
conv_unres_150,inter,parp9,ART,dtx3l,KH4,7,1057,56,0.284,5.36,15.82,7.48,7.31,0.56
conv_unres_150,inter,parp9,ART,dtx3l,KH5,7,1057,56,0.095,1.79,16.03,7.97,6.89,0.79
conv_unres_150,inter,parp9,ART,dtx3l,RING,7,1057,56,0.0,0.0,15.98,9.0,8.45,1.67
conv_unres_150,inter,parp9,ART,dtx3l,DTC,7,1057,56,0.378,7.14,15.56,8.46,7.43,0.56
conv_h20_900,intra,parp9,1/2KH1a,parp9,MD1,5,4750,4750,35.116,35.12,1.41,1.41,1.33,0.49
conv_h20_900,intra,parp9,1/2KH1a,parp9,MD2,5,4750,4750,14.463,14.46,2.35,2.35,2.29,0.5
conv_h20_900,intra,parp9,1/2KH1a,parp9,1/2KH1b,5,4750,4750,100.0,100.0,0.33,0.33,0.33,0.12
conv_h20_900,intra,parp9,1/2KH1a,parp9,KH2,5,4750,4750,44.947,44.95,1.16,1.16,1.09,0.49
conv_h20_900,intra,parp9,1/2KH1a,parp9,ART,5,4750,4750,4.989,4.99,4.5,4.5,4.57,0.5
conv_h20_900,intra,parp9,MD1,parp9,MD2,5,4750,4750,41.895,41.89,1.34,1.34,1.19,0.44
conv_h20_900,intra,parp9,MD1,parp9,1/2KH1b,5,4750,4750,17.326,17.33,1.79,1.79,1.77,0.52
conv_h20_900,intra,parp9,MD1,parp9,KH2,5,4750,4750,10.147,10.15,2.86,2.86,2.98,0.46
conv_h20_900,intra,parp9,MD1,parp9,ART,5,4750,4750,5.558,5.56,5.39,5.39,5.34,0.49
conv_h20_900,intra,parp9,MD2,parp9,1/2KH1b,5,4750,4750,8.547,8.55,2.69,2.69,2.66,0.51
conv_h20_900,intra,parp9,MD2,parp9,KH2,5,4750,4750,9.242,9.24,3.45,3.45,3.51,0.5
conv_h20_900,intra,parp9,MD2,parp9,ART,5,4750,4750,4.989,4.99,5.88,5.88,5.87,0.52
conv_h20_900,intra,parp9,1/2KH1b,parp9,KH2,5,4750,4750,58.421,58.42,0.94,0.94,0.92,0.47
conv_h20_900,intra,parp9,1/2KH1b,parp9,ART,5,4750,4750,4.337,4.34,4.57,4.57,4.69,0.51
conv_h20_900,intra,parp9,KH2,parp9,ART,5,4750,4750,24.8,24.8,1.99,1.99,1.87,0.45
conv_h20_900,intra,dtx3l,RRM,dtx3l,KH1,5,4750,4750,10.926,10.93,3.46,3.46,3.27,0.51
conv_h20_900,intra,dtx3l,RRM,dtx3l,KH2,5,4750,4750,2.211,2.21,6.57,6.57,6.46,0.54
conv_h20_900,intra,dtx3l,RRM,dtx3l,KH3,5,4750,4750,0.947,0.95,7.6,7.6,7.51,0.52
conv_h20_900,intra,dtx3l,RRM,dtx3l,KH4,5,4750,4750,0.737,0.74,8.85,8.85,8.75,0.52
conv_h20_900,intra,dtx3l,RRM,dtx3l,KH5,5,4750,4750,0.484,0.48,9.81,9.81,9.73,0.56
conv_h20_900,intra,dtx3l,RRM,dtx3l,RING,5,4750,4750,0.611,0.61,11.38,11.38,11.32,0.56
conv_h20_900,intra,dtx3l,RRM,dtx3l,DTC,5,4750,4750,1.032,1.03,11.52,11.52,11.51,0.52
conv_h20_900,intra,dtx3l,KH1,dtx3l,KH2,5,4750,4750,9.811,9.81,3.03,3.03,2.95,0.49
conv_h20_900,intra,dtx3l,KH1,dtx3l,KH3,5,4750,4750,4.211,4.21,4.35,4.35,4.32,0.5
conv_h20_900,intra,dtx3l,KH1,dtx3l,KH4,5,4750,4750,2.4,2.4,6.06,6.06,6.11,0.51
conv_h20_900,intra,dtx3l,KH1,dtx3l,KH5,5,4750,4750,2.021,2.02,7.21,7.21,7.23,0.51
conv_h20_900,intra,dtx3l,KH1,dtx3l,RING,5,4750,4750,0.821,0.82,9.29,9.29,9.21,0.53
conv_h20_900,intra,dtx3l,KH1,dtx3l,DTC,5,4750,4750,1.895,1.89,9.66,9.66,9.58,0.49
conv_h20_900,intra,dtx3l,KH2,dtx3l,KH3,5,4750,4750,82.168,82.17,0.81,0.81,0.77,0.48
conv_h20_900,intra,dtx3l,KH2,dtx3l,KH4,5,4750,4750,2.947,2.95,3.44,3.44,3.52,0.5
conv_h20_900,intra,dtx3l,KH2,dtx3l,KH5,5,4750,4750,3.537,3.54,4.85,4.85,5.03,0.52
conv_h20_900,intra,dtx3l,KH2,dtx3l,RING,5,4750,4750,1.263,1.26,7.49,7.49,7.49,0.51
conv_h20_900,intra,dtx3l,KH2,dtx3l,DTC,5,4750,4750,2.968,2.97,8.06,8.06,8.11,0.5
conv_h20_900,intra,dtx3l,KH3,dtx3l,KH4,5,4750,4750,32.147,32.15,1.42,1.42,1.32,0.44
conv_h20_900,intra,dtx3l,KH3,dtx3l,KH5,5,4750,4750,7.516,7.52,3.19,3.19,3.31,0.5
conv_h20_900,intra,dtx3l,KH3,dtx3l,RING,5,4750,4750,1.074,1.07,6.4,6.4,6.33,0.53
conv_h20_900,intra,dtx3l,KH3,dtx3l,DTC,5,4750,4750,2.505,2.51,7.13,7.13,7.05,0.5
conv_h20_900,intra,dtx3l,KH4,dtx3l,KH5,5,4750,4750,92.632,92.63,0.74,0.74,0.71,0.46
conv_h20_900,intra,dtx3l,KH4,dtx3l,RING,5,4750,4750,3.284,3.28,4.82,4.82,4.73,0.51
conv_h20_900,intra,dtx3l,KH4,dtx3l,DTC,5,4750,4750,3.305,3.31,5.8,5.8,5.76,0.5
conv_h20_900,intra,dtx3l,KH5,dtx3l,RING,5,4750,4750,4.421,4.42,3.79,3.79,3.65,0.52
conv_h20_900,intra,dtx3l,KH5,dtx3l,DTC,5,4750,4750,3.789,3.79,4.97,4.97,4.85,0.5
conv_h20_900,intra,dtx3l,RING,dtx3l,DTC,5,4750,4750,100.0,100.0,0.37,0.37,0.37,0.3
conv_h20_900,inter,parp9,1/2KH1a,dtx3l,RRM,5,4750,4663,0.484,0.49,9.57,9.55,9.36,0.53
conv_h20_900,inter,parp9,1/2KH1a,dtx3l,KH1,5,4750,4663,1.137,1.16,7.06,7.03,6.98,0.51
conv_h20_900,inter,parp9,1/2KH1a,dtx3l,KH2,5,4750,4663,2.547,2.59,4.79,4.77,4.8,0.51
conv_h20_900,inter,parp9,1/2KH1a,dtx3l,KH3,5,4750,4663,4.905,5.0,3.35,3.33,3.33,0.47
conv_h20_900,inter,parp9,1/2KH1a,dtx3l,KH4,5,4750,4663,1.853,1.89,3.37,3.35,3.4,0.53
conv_h20_900,inter,parp9,1/2KH1a,dtx3l,KH5,5,4750,4663,3.705,3.77,4.46,4.44,4.55,0.52
conv_h20_900,inter,parp9,1/2KH1a,dtx3l,RING,5,4750,4663,1.326,1.35,7.26,7.24,7.13,0.51
conv_h20_900,inter,parp9,1/2KH1a,dtx3l,DTC,5,4750,4663,2.084,2.12,7.9,7.87,7.76,0.52
conv_h20_900,inter,parp9,MD1,dtx3l,RRM,5,4750,4663,1.116,1.14,9.78,9.76,9.74,0.55
conv_h20_900,inter,parp9,MD1,dtx3l,KH1,5,4750,4663,1.895,1.93,7.66,7.63,7.55,0.48
conv_h20_900,inter,parp9,MD1,dtx3l,KH2,5,4750,4663,4.358,4.44,5.77,5.75,5.83,0.46
conv_h20_900,inter,parp9,MD1,dtx3l,KH3,5,4750,4663,4.063,4.14,4.67,4.66,4.7,0.49
conv_h20_900,inter,parp9,MD1,dtx3l,KH4,5,4750,4663,3.347,3.41,4.65,4.64,4.81,0.51
conv_h20_900,inter,parp9,MD1,dtx3l,KH5,5,4750,4663,3.411,3.47,5.54,5.52,5.54,0.44
conv_h20_900,inter,parp9,MD1,dtx3l,RING,5,4750,4663,1.874,1.91,7.8,7.78,7.67,0.49
conv_h20_900,inter,parp9,MD1,dtx3l,DTC,5,4750,4663,3.811,3.88,8.28,8.24,8.13,0.47
conv_h20_900,inter,parp9,MD2,dtx3l,RRM,5,4750,4663,0.947,0.97,10.14,10.11,9.91,0.52
conv_h20_900,inter,parp9,MD2,dtx3l,KH1,5,4750,4663,1.811,1.84,8.08,8.06,7.91,0.5
conv_h20_900,inter,parp9,MD2,dtx3l,KH2,5,4750,4663,2.716,2.77,6.26,6.23,6.27,0.52
conv_h20_900,inter,parp9,MD2,dtx3l,KH3,5,4750,4663,2.442,2.49,5.24,5.22,5.2,0.49
conv_h20_900,inter,parp9,MD2,dtx3l,KH4,5,4750,4663,2.0,2.04,5.22,5.19,5.29,0.55
conv_h20_900,inter,parp9,MD2,dtx3l,KH5,5,4750,4663,2.505,2.55,6.11,6.08,6.05,0.5
conv_h20_900,inter,parp9,MD2,dtx3l,RING,5,4750,4663,1.453,1.48,8.3,8.26,8.15,0.53
conv_h20_900,inter,parp9,MD2,dtx3l,DTC,5,4750,4663,2.842,2.9,8.72,8.68,8.57,0.5
conv_h20_900,inter,parp9,1/2KH1b,dtx3l,RRM,5,4750,4663,0.463,0.47,9.68,9.67,9.49,0.57
conv_h20_900,inter,parp9,1/2KH1b,dtx3l,KH1,5,4750,4663,0.674,0.69,7.14,7.12,7.07,0.56
conv_h20_900,inter,parp9,1/2KH1b,dtx3l,KH2,5,4750,4663,2.105,2.14,4.84,4.82,4.88,0.48
conv_h20_900,inter,parp9,1/2KH1b,dtx3l,KH3,5,4750,4663,4.063,4.14,3.32,3.3,3.3,0.48
conv_h20_900,inter,parp9,1/2KH1b,dtx3l,KH4,5,4750,4663,0.821,0.84,3.37,3.36,3.44,0.57
conv_h20_900,inter,parp9,1/2KH1b,dtx3l,KH5,5,4750,4663,3.284,3.35,4.49,4.48,4.62,0.5
conv_h20_900,inter,parp9,1/2KH1b,dtx3l,RING,5,4750,4663,0.926,0.94,7.36,7.34,7.26,0.54
conv_h20_900,inter,parp9,1/2KH1b,dtx3l,DTC,5,4750,4663,1.705,1.74,8.01,7.99,7.88,0.48
conv_h20_900,inter,parp9,KH2,dtx3l,RRM,5,4750,4663,0.905,0.92,8.56,8.56,8.34,0.53
conv_h20_900,inter,parp9,KH2,dtx3l,KH1,5,4750,4663,2.211,2.25,5.81,5.8,5.79,0.52
conv_h20_900,inter,parp9,KH2,dtx3l,KH2,5,4750,4663,4.821,4.91,3.23,3.22,3.28,0.49
conv_h20_900,inter,parp9,KH2,dtx3l,KH3,5,4750,4663,39.474,40.21,1.31,1.3,1.19,0.47
conv_h20_900,inter,parp9,KH2,dtx3l,KH4,5,4750,4663,89.726,91.4,0.74,0.73,0.67,0.43
conv_h20_900,inter,parp9,KH2,dtx3l,KH5,5,4750,4663,21.937,22.35,2.01,2.0,1.92,0.5
conv_h20_900,inter,parp9,KH2,dtx3l,RING,5,4750,4663,2.568,2.62,5.47,5.46,5.39,0.51
conv_h20_900,inter,parp9,KH2,dtx3l,DTC,5,4750,4663,3.916,3.99,6.28,6.26,6.2,0.51
conv_h20_900,inter,parp9,ART,dtx3l,RRM,5,4750,4663,1.411,1.44,9.61,9.6,9.48,0.48
conv_h20_900,inter,parp9,ART,dtx3l,KH1,5,4750,4663,2.947,3.0,7.22,7.2,7.19,0.48
conv_h20_900,inter,parp9,ART,dtx3l,KH2,5,4750,4663,4.758,4.85,5.16,5.15,5.31,0.49
conv_h20_900,inter,parp9,ART,dtx3l,KH3,5,4750,4663,6.358,6.48,3.76,3.75,3.75,0.47
conv_h20_900,inter,parp9,ART,dtx3l,KH4,5,4750,4663,20.632,21.02,2.1,2.09,2.04,0.5
conv_h20_900,inter,parp9,ART,dtx3l,KH5,5,4750,4663,12.042,12.27,3.09,3.07,3.02,0.51
conv_h20_900,inter,parp9,ART,dtx3l,RING,5,4750,4663,3.2,3.26,5.89,5.87,5.74,0.51
conv_h20_900,inter,parp9,ART,dtx3l,DTC,5,4750,4663,5.116,5.21,6.59,6.57,6.48,0.49
conv_unres_900,intra,parp9,1/2KH1a,parp9,MD1,7,6650,6650,37.023,37.02,1.38,1.38,1.27,0.46
conv_unres_900,intra,parp9,1/2KH1a,parp9,MD2,7,6650,6650,13.865,13.86,2.34,2.34,2.28,0.49
conv_unres_900,intra,parp9,1/2KH1a,parp9,1/2KH1b,7,6650,6650,100.0,100.0,0.32,0.32,0.33,0.16
conv_unres_900,intra,parp9,1/2KH1a,parp9,KH2,7,6650,6650,47.474,47.47,1.13,1.13,1.04,0.46
conv_unres_900,intra,parp9,1/2KH1a,parp9,ART,7,6650,6650,5.985,5.98,4.23,4.23,4.14,0.51
conv_unres_900,intra,parp9,MD1,parp9,MD2,7,6650,6650,40.406,40.41,1.38,1.38,1.24,0.45
conv_unres_900,intra,parp9,MD1,parp9,1/2KH1b,7,6650,6650,18.481,18.48,1.77,1.77,1.74,0.5
conv_unres_900,intra,parp9,MD1,parp9,KH2,7,6650,6650,12.932,12.93,2.71,2.71,2.81,0.46
conv_unres_900,intra,parp9,MD1,parp9,ART,7,6650,6650,8.256,8.26,4.91,4.91,4.82,0.44
conv_unres_900,intra,parp9,MD2,parp9,1/2KH1b,7,6650,6650,8.872,8.87,2.67,2.67,2.62,0.5
conv_unres_900,intra,parp9,MD2,parp9,KH2,7,6650,6650,12.09,12.09,3.23,3.23,3.28,0.49
conv_unres_900,intra,parp9,MD2,parp9,ART,7,6650,6650,5.323,5.32,5.4,5.4,5.21,0.51
conv_unres_900,intra,parp9,1/2KH1b,parp9,KH2,7,6650,6650,60.977,60.98,0.93,0.93,0.89,0.45
conv_unres_900,intra,parp9,1/2KH1b,parp9,ART,7,6650,6650,4.917,4.92,4.32,4.32,4.26,0.52
conv_unres_900,intra,parp9,KH2,parp9,ART,7,6650,6650,28.782,28.78,1.96,1.96,1.75,0.46
conv_unres_900,intra,dtx3l,RRM,dtx3l,KH1,7,6650,6650,11.173,11.17,3.39,3.39,3.23,0.5
conv_unres_900,intra,dtx3l,RRM,dtx3l,KH2,7,6650,6650,2.827,2.83,6.42,6.42,6.28,0.48
conv_unres_900,intra,dtx3l,RRM,dtx3l,KH3,7,6650,6650,1.233,1.23,7.27,7.27,7.11,0.49
conv_unres_900,intra,dtx3l,RRM,dtx3l,KH4,7,6650,6650,1.128,1.13,8.39,8.39,8.18,0.54
conv_unres_900,intra,dtx3l,RRM,dtx3l,KH5,7,6650,6650,0.827,0.83,9.16,9.16,8.93,0.51
conv_unres_900,intra,dtx3l,RRM,dtx3l,RING,7,6650,6650,0.451,0.45,10.78,10.78,10.6,0.53
conv_unres_900,intra,dtx3l,RRM,dtx3l,DTC,7,6650,6650,0.977,0.98,10.98,10.98,10.9,0.48
conv_unres_900,intra,dtx3l,KH1,dtx3l,KH2,7,6650,6650,10.316,10.32,3.01,3.01,2.9,0.49
conv_unres_900,intra,dtx3l,KH1,dtx3l,KH3,7,6650,6650,5.429,5.43,4.18,4.18,4.13,0.52
conv_unres_900,intra,dtx3l,KH1,dtx3l,KH4,7,6650,6650,2.842,2.84,5.83,5.83,5.77,0.52
conv_unres_900,intra,dtx3l,KH1,dtx3l,KH5,7,6650,6650,2.677,2.68,6.78,6.78,6.72,0.49
conv_unres_900,intra,dtx3l,KH1,dtx3l,RING,7,6650,6650,0.947,0.95,8.88,8.88,8.7,0.51
conv_unres_900,intra,dtx3l,KH1,dtx3l,DTC,7,6650,6650,2.15,2.15,9.27,9.27,9.17,0.49
conv_unres_900,intra,dtx3l,KH2,dtx3l,KH3,7,6650,6650,82.662,82.66,0.8,0.8,0.76,0.48
conv_unres_900,intra,dtx3l,KH2,dtx3l,KH4,7,6650,6650,4.481,4.48,3.47,3.47,3.52,0.51
conv_unres_900,intra,dtx3l,KH2,dtx3l,KH5,7,6650,6650,4.015,4.02,4.68,4.68,4.75,0.51
conv_unres_900,intra,dtx3l,KH2,dtx3l,RING,7,6650,6650,1.639,1.64,7.16,7.16,7.08,0.48
conv_unres_900,intra,dtx3l,KH2,dtx3l,DTC,7,6650,6650,2.872,2.87,7.71,7.71,7.63,0.49
conv_unres_900,intra,dtx3l,KH3,dtx3l,KH4,7,6650,6650,25.895,25.89,1.69,1.69,1.57,0.44
conv_unres_900,intra,dtx3l,KH3,dtx3l,KH5,7,6650,6650,7.173,7.17,3.16,3.16,3.21,0.49
conv_unres_900,intra,dtx3l,KH3,dtx3l,RING,7,6650,6650,1.835,1.83,6.12,6.12,5.99,0.53
conv_unres_900,intra,dtx3l,KH3,dtx3l,DTC,7,6650,6650,2.902,2.9,6.81,6.81,6.74,0.51
conv_unres_900,intra,dtx3l,KH4,dtx3l,KH5,7,6650,6650,94.06,94.06,0.73,0.73,0.7,0.48
conv_unres_900,intra,dtx3l,KH4,dtx3l,RING,7,6650,6650,3.97,3.97,4.59,4.59,4.5,0.53
conv_unres_900,intra,dtx3l,KH4,dtx3l,DTC,7,6650,6650,5.038,5.04,5.54,5.54,5.42,0.46
conv_unres_900,intra,dtx3l,KH5,dtx3l,RING,7,6650,6650,5.263,5.26,3.74,3.74,3.64,0.53
conv_unres_900,intra,dtx3l,KH5,dtx3l,DTC,7,6650,6650,4.541,4.54,4.9,4.9,4.83,0.51
conv_unres_900,intra,dtx3l,RING,dtx3l,DTC,7,6650,6650,100.0,100.0,0.37,0.37,0.37,0.31
conv_unres_900,inter,parp9,1/2KH1a,dtx3l,RRM,7,6650,381,0.03,0.52,16.8,10.56,10.24,0.82
conv_unres_900,inter,parp9,1/2KH1a,dtx3l,KH1,7,6650,381,0.075,1.31,16.84,8.87,8.14,0.54
conv_unres_900,inter,parp9,1/2KH1a,dtx3l,KH2,7,6650,381,0.12,2.1,16.88,7.93,7.3,0.56
conv_unres_900,inter,parp9,1/2KH1a,dtx3l,KH3,7,6650,381,0.09,1.57,17.07,7.72,7.25,0.6
conv_unres_900,inter,parp9,1/2KH1a,dtx3l,KH4,7,6650,381,0.135,2.36,16.88,7.71,7.25,0.65
conv_unres_900,inter,parp9,1/2KH1a,dtx3l,KH5,7,6650,381,0.105,1.84,17.05,7.94,7.36,0.56
conv_unres_900,inter,parp9,1/2KH1a,dtx3l,RING,7,6650,381,0.12,2.1,16.92,8.26,7.42,0.53
conv_unres_900,inter,parp9,1/2KH1a,dtx3l,DTC,7,6650,381,0.286,4.99,16.42,8.27,7.48,0.52
conv_unres_900,inter,parp9,MD1,dtx3l,RRM,7,6650,381,0.226,3.94,16.0,9.96,9.54,0.57
conv_unres_900,inter,parp9,MD1,dtx3l,KH1,7,6650,381,0.105,1.84,16.04,8.35,7.81,0.63
conv_unres_900,inter,parp9,MD1,dtx3l,KH2,7,6650,381,0.346,6.04,16.04,7.26,6.83,0.51
conv_unres_900,inter,parp9,MD1,dtx3l,KH3,7,6650,381,0.301,5.25,16.25,7.08,6.4,0.54
conv_unres_900,inter,parp9,MD1,dtx3l,KH4,7,6650,381,0.316,5.51,16.07,6.94,6.26,0.51
conv_unres_900,inter,parp9,MD1,dtx3l,KH5,7,6650,381,0.331,5.77,16.23,7.13,6.19,0.57
conv_unres_900,inter,parp9,MD1,dtx3l,RING,7,6650,381,0.331,5.77,16.14,7.41,6.34,0.49
conv_unres_900,inter,parp9,MD1,dtx3l,DTC,7,6650,381,0.556,9.71,15.64,7.39,6.24,0.48
conv_unres_900,inter,parp9,MD2,dtx3l,RRM,7,6650,381,0.195,3.41,15.97,10.47,10.08,0.53
conv_unres_900,inter,parp9,MD2,dtx3l,KH1,7,6650,381,0.195,3.41,16.02,8.71,8.76,0.53
conv_unres_900,inter,parp9,MD2,dtx3l,KH2,7,6650,381,0.361,6.3,16.06,7.55,7.19,0.55
conv_unres_900,inter,parp9,MD2,dtx3l,KH3,7,6650,381,0.135,2.36,16.24,7.41,6.72,0.6
conv_unres_900,inter,parp9,MD2,dtx3l,KH4,7,6650,381,0.331,5.77,16.04,7.28,6.8,0.55
conv_unres_900,inter,parp9,MD2,dtx3l,KH5,7,6650,381,0.241,4.2,16.2,7.49,7.11,0.55
conv_unres_900,inter,parp9,MD2,dtx3l,RING,7,6650,381,0.226,3.94,16.12,7.73,6.61,0.57
conv_unres_900,inter,parp9,MD2,dtx3l,DTC,7,6650,381,0.466,8.14,15.61,7.67,6.82,0.51
conv_unres_900,inter,parp9,1/2KH1b,dtx3l,RRM,7,6650,381,0.045,0.79,16.98,10.72,10.17,0.67
conv_unres_900,inter,parp9,1/2KH1b,dtx3l,KH1,7,6650,381,0.045,0.79,17.03,9.07,8.5,0.8
conv_unres_900,inter,parp9,1/2KH1b,dtx3l,KH2,7,6650,381,0.165,2.89,17.06,8.13,7.64,0.58
conv_unres_900,inter,parp9,1/2KH1b,dtx3l,KH3,7,6650,381,0.015,0.26,17.25,7.92,7.46,0.62
conv_unres_900,inter,parp9,1/2KH1b,dtx3l,KH4,7,6650,381,0.045,0.79,17.05,7.92,7.49,0.67
conv_unres_900,inter,parp9,1/2KH1b,dtx3l,KH5,7,6650,381,0.06,1.05,17.22,8.12,7.69,0.6
conv_unres_900,inter,parp9,1/2KH1b,dtx3l,RING,7,6650,381,0.105,1.84,17.08,8.44,7.7,0.61
conv_unres_900,inter,parp9,1/2KH1b,dtx3l,DTC,7,6650,381,0.256,4.46,16.58,8.46,7.74,0.53
conv_unres_900,inter,parp9,KH2,dtx3l,RRM,7,6650,381,0.18,3.15,16.33,10.21,9.76,0.58
conv_unres_900,inter,parp9,KH2,dtx3l,KH1,7,6650,381,0.075,1.31,16.35,8.46,7.85,0.71
conv_unres_900,inter,parp9,KH2,dtx3l,KH2,7,6650,381,0.211,3.67,16.35,7.54,7.11,0.58
conv_unres_900,inter,parp9,KH2,dtx3l,KH3,7,6650,381,0.18,3.15,16.53,7.31,6.89,0.52
conv_unres_900,inter,parp9,KH2,dtx3l,KH4,7,6650,381,0.18,3.15,16.37,7.34,6.96,0.58
conv_unres_900,inter,parp9,KH2,dtx3l,KH5,7,6650,381,0.165,2.89,16.51,7.59,7.22,0.59
conv_unres_900,inter,parp9,KH2,dtx3l,RING,7,6650,381,0.286,4.99,16.39,8.06,7.33,0.57
conv_unres_900,inter,parp9,KH2,dtx3l,DTC,7,6650,381,0.556,9.71,15.91,8.13,7.5,0.45
conv_unres_900,inter,parp9,ART,dtx3l,RRM,7,6650,381,0.316,5.51,15.96,10.35,10.54,0.56
conv_unres_900,inter,parp9,ART,dtx3l,KH1,7,6650,381,0.15,2.62,16.0,8.72,8.06,0.64
conv_unres_900,inter,parp9,ART,dtx3l,KH2,7,6650,381,0.391,6.82,15.97,8.0,7.41,0.55
conv_unres_900,inter,parp9,ART,dtx3l,KH3,7,6650,381,0.286,4.99,16.14,7.83,7.61,0.57
conv_unres_900,inter,parp9,ART,dtx3l,KH4,7,6650,381,0.271,4.72,15.95,7.78,7.17,0.53
conv_unres_900,inter,parp9,ART,dtx3l,KH5,7,6650,381,0.211,3.67,16.14,8.1,7.65,0.49
conv_unres_900,inter,parp9,ART,dtx3l,RING,7,6650,381,0.15,2.62,16.01,8.57,7.82,0.56
conv_unres_900,inter,parp9,ART,dtx3l,DTC,7,6650,381,0.346,6.04,15.53,8.59,8.08,0.53
