set,reduce,silhouette,xcheck_rand,bound_pct,state,pop,n,rep,frame,pdb
p9_dtx3l,pca,0.685,1.0,5.9,1,0.07252298263534218,71,rep-3,2692,p9_dtx3l_state1.pdb
p9_dtx3l,pca,0.685,1.0,5.9,2,0.839632277834525,822,rep-7,4884,p9_dtx3l_state2.pdb
p9_dtx3l,pca,0.685,1.0,5.9,3,0.08784473953013279,86,rep-4,8508,p9_dtx3l_state3.pdb
p9_dtx3l_docked,pca,0.705,0.8628603959866425,6.1,1,0.0787292817679558,57,rep-2,6964,p9_dtx3l_docked_state1.pdb
p9_dtx3l_docked,pca,0.705,0.8628603959866425,6.1,2,0.888121546961326,643,rep-2,5344,p9_dtx3l_docked_state2.pdb
p9_dtx3l_docked,pca,0.705,0.8628603959866425,6.1,3,0.03314917127071823,24,rep-5,4876,p9_dtx3l_docked_state3.pdb
dtx3l_homo,pca,0.808,0.7356519271412888,4.4,1,0.9826254826254827,509,rep-5,1720,dtx3l_homo_state1.pdb
dtx3l_homo,pca,0.808,0.7356519271412888,4.4,2,0.017374517374517374,9,rep-3,3596,dtx3l_homo_state2.pdb
dtx3l_homo_docked,pca,0.799,0.6581581292759087,4.7,1,0.9803220035778175,548,rep-1,9388,dtx3l_homo_docked_state1.pdb
dtx3l_homo_docked,pca,0.799,0.6581581292759087,4.7,2,0.01967799642218247,11,rep-1,9400,dtx3l_homo_docked_state2.pdb
p9_homo,pca,0.772,0.970218589409399,3.9,1,0.032327586206896554,15,rep-2,4712,p9_homo_state1.pdb
p9_homo,pca,0.772,0.970218589409399,3.9,2,0.9676724137931034,449,rep-4,1916,p9_homo_state2.pdb
p14_dtx3l,pca,0.868,0.9985974754558204,12.0,1,0.985273492286115,1405,rep-5,5144,p14_dtx3l_state1.pdb
p14_dtx3l,pca,0.868,0.9985974754558204,12.0,2,0.014726507713884993,21,rep-3,6900,p14_dtx3l_state2.pdb
p14_dtx3l_docked,pca,0.815,0.9962299784417482,8.9,1,0.9754716981132076,1034,rep-5,608,p14_dtx3l_docked_state1.pdb
p14_dtx3l_docked,pca,0.815,0.9962299784417482,8.9,2,0.024528301886792454,26,rep-3,7916,p14_dtx3l_docked_state2.pdb
p14_p9,pca,0.964,1.0,9.4,1,0.9982030548068284,1111,rep-5,8144,p14_p9_state1.pdb
p14_p9,pca,0.964,1.0,9.4,2,0.0017969451931716084,2,rep-1,3384,p14_p9_state2.pdb
p14_p9_docked,pca,0.951,1.0,8.8,1,0.998093422306959,1047,rep-3,5076,p14_p9_docked_state1.pdb
p14_p9_docked,pca,0.951,1.0,8.8,2,0.0019065776930409914,2,rep-2,2976,p14_p9_docked_state2.pdb
ternary,pca,0.905,0.9992009588493808,21.1,1,0.9916100679184978,2482,rep-1,7452,ternary_state1.pdb
ternary,pca,0.905,0.9992009588493808,21.1,2,0.008389932081502197,21,rep-1,2708,ternary_state2.pdb
ternary_docked,pca,0.85,0.9993333333333333,28.2,1,0.9868760253105227,4211,rep-5,1060,ternary_docked_state1.pdb
ternary_docked,pca,0.85,0.9993333333333333,28.2,2,0.013123974689477385,56,rep-5,7872,ternary_docked_state2.pdb
p14_homo,pca,0.958,0.9979068561978394,16.1,1,0.9973821989528796,1905,rep-4,756,p14_homo_state1.pdb
p14_homo,pca,0.958,0.9979068561978394,16.1,2,0.002617801047120419,5,rep-4,9300,p14_homo_state2.pdb
