model,res_a,res_b,repro,n_frames,pct_euclid,pct_sasd
CALVADOS unrestrained (separated),166,306,True,1421,0.211,0.211
CALVADOS unrestrained (separated),166,322,True,1421,0.211,0.141
CALVADOS unrestrained (separated),166,335,False,1421,0.211,0.0
CALVADOS unrestrained (separated),166,337,True,1421,0.07,0.0
CALVADOS unrestrained (separated),166,354,True,1421,0.281,0.211
CALVADOS unrestrained (separated),166,356,True,1421,0.281,0.141
CALVADOS unrestrained (separated),166,363,True,1421,0.352,0.211
CALVADOS unrestrained (separated),166,668,False,1421,0.211,0.141
CALVADOS unrestrained (separated),166,731,False,1421,0.352,0.281
CALVADOS unrestrained (separated),174,337,True,1421,0.07,0.07
CALVADOS unrestrained (separated),174,668,False,1421,0.281,0.141
CALVADOS unrestrained (separated),174,731,False,1421,0.281,0.07
CALVADOS unrestrained (separated),191,337,False,1421,0.141,0.07
CALVADOS unrestrained (separated),266,322,True,1421,0.0,0.0
CALVADOS unrestrained (separated),266,337,False,1421,0.0,0.0
CALVADOS unrestrained (separated),266,668,True,1421,0.07,0.07
CALVADOS unrestrained (separated),266,675,False,1421,0.211,0.141
CALVADOS unrestrained (separated),370,259,False,1421,0.07,0.07
CALVADOS unrestrained (separated),370,337,False,1421,0.211,0.141
CALVADOS unrestrained (separated),459,337,False,1421,0.0,0.0
CALVADOS unrestrained (separated),488,668,False,1421,0.211,0.141
CALVADOS unrestrained (separated),557,316,True,1421,0.141,0.0
CALVADOS unrestrained (separated),557,354,True,1421,0.07,0.07
CALVADOS unrestrained (separated),557,356,True,1421,0.07,0.07
CALVADOS unrestrained (separated),557,363,True,1421,0.141,0.07
CALVADOS unrestrained (separated),557,401,True,1421,0.0,0.0
CALVADOS unrestrained (separated),557,423,True,1421,0.0,0.0
CALVADOS unrestrained (separated),557,668,False,1421,0.211,0.141
CALVADOS unrestrained (separated),567,356,True,1421,0.141,0.07
CALVADOS unrestrained (separated),567,363,True,1421,0.141,0.07
CALVADOS unrestrained (separated),632,401,True,1421,0.141,0.07
CALVADOS unrestrained (separated),638,401,True,1421,0.0,0.0
CALVADOS unrestrained (separated),638,543,False,1421,0.07,0.07
CALVADOS unrestrained (separated),673,668,True,1421,0.07,0.0
CALVADOS unrestrained (separated),688,503,True,1421,0.0,0.0
CALVADOS unrestrained (separated),693,363,False,1421,0.07,0.0
CALVADOS unrestrained (docked),166,306,True,1015,0.099,0.099
CALVADOS unrestrained (docked),166,322,True,1015,0.099,0.099
CALVADOS unrestrained (docked),166,335,False,1015,0.099,0.099
CALVADOS unrestrained (docked),166,337,True,1015,0.099,0.099
CALVADOS unrestrained (docked),166,354,True,1015,0.0,0.0
CALVADOS unrestrained (docked),166,356,True,1015,0.099,0.0
CALVADOS unrestrained (docked),166,363,True,1015,0.0,0.0
CALVADOS unrestrained (docked),166,668,False,1015,0.394,0.394
CALVADOS unrestrained (docked),166,731,False,1015,0.099,0.099
CALVADOS unrestrained (docked),174,337,True,1015,0.394,0.197
CALVADOS unrestrained (docked),174,668,False,1015,0.197,0.197
CALVADOS unrestrained (docked),174,731,False,1015,0.197,0.099
CALVADOS unrestrained (docked),191,337,False,1015,0.0,0.0
CALVADOS unrestrained (docked),266,322,True,1015,0.099,0.099
CALVADOS unrestrained (docked),266,337,False,1015,0.296,0.197
CALVADOS unrestrained (docked),266,668,True,1015,0.197,0.197
CALVADOS unrestrained (docked),266,675,False,1015,0.197,0.197
CALVADOS unrestrained (docked),370,259,False,1015,0.0,0.0
CALVADOS unrestrained (docked),370,337,False,1015,0.197,0.197
CALVADOS unrestrained (docked),459,337,False,1015,0.197,0.197
CALVADOS unrestrained (docked),488,668,False,1015,0.0,0.0
CALVADOS unrestrained (docked),557,316,True,1015,0.099,0.0
CALVADOS unrestrained (docked),557,354,True,1015,0.0,0.0
CALVADOS unrestrained (docked),557,356,True,1015,0.0,0.0
CALVADOS unrestrained (docked),557,363,True,1015,0.0,0.0
CALVADOS unrestrained (docked),557,401,True,1015,0.099,0.0
CALVADOS unrestrained (docked),557,423,True,1015,0.0,0.0
CALVADOS unrestrained (docked),557,668,False,1015,0.099,0.0
CALVADOS unrestrained (docked),567,356,True,1015,0.099,0.099
CALVADOS unrestrained (docked),567,363,True,1015,0.0,0.0
CALVADOS unrestrained (docked),632,401,True,1015,0.0,0.0
CALVADOS unrestrained (docked),638,401,True,1015,0.0,0.0
CALVADOS unrestrained (docked),638,543,False,1015,0.0,0.0
CALVADOS unrestrained (docked),673,668,True,1015,0.0,0.0
CALVADOS unrestrained (docked),688,503,True,1015,0.0,0.0
CALVADOS unrestrained (docked),693,363,False,1015,0.197,0.197
CALVADOS ternary (docked),166,306,True,4060,0.443,0.32
CALVADOS ternary (docked),166,322,True,4060,0.246,0.222
CALVADOS ternary (docked),166,335,False,4060,0.296,0.197
CALVADOS ternary (docked),166,337,True,4060,0.296,0.246
CALVADOS ternary (docked),166,354,True,4060,0.369,0.197
CALVADOS ternary (docked),166,356,True,4060,0.32,0.197
CALVADOS ternary (docked),166,363,True,4060,0.222,0.123
CALVADOS ternary (docked),166,668,False,4060,0.246,0.099
CALVADOS ternary (docked),166,731,False,4060,0.394,0.197
CALVADOS ternary (docked),174,337,True,4060,0.296,0.222
CALVADOS ternary (docked),174,668,False,4060,0.271,0.197
CALVADOS ternary (docked),174,731,False,4060,0.345,0.246
CALVADOS ternary (docked),191,337,False,4060,0.148,0.123
CALVADOS ternary (docked),266,322,True,4060,0.271,0.246
CALVADOS ternary (docked),266,337,False,4060,0.296,0.123
CALVADOS ternary (docked),266,668,True,4060,0.222,0.197
CALVADOS ternary (docked),266,675,False,4060,0.172,0.074
CALVADOS ternary (docked),370,259,False,4060,0.222,0.148
CALVADOS ternary (docked),370,337,False,4060,0.271,0.172
CALVADOS ternary (docked),459,337,False,4060,0.123,0.049
CALVADOS ternary (docked),488,668,False,4060,0.394,0.148
CALVADOS ternary (docked),557,316,True,4060,0.616,0.222
CALVADOS ternary (docked),557,354,True,4060,0.961,0.665
CALVADOS ternary (docked),557,356,True,4060,0.837,0.567
CALVADOS ternary (docked),557,363,True,4060,0.739,0.517
CALVADOS ternary (docked),557,401,True,4060,0.788,0.64
CALVADOS ternary (docked),557,423,True,4060,0.887,0.567
CALVADOS ternary (docked),557,668,False,4060,0.714,0.443
CALVADOS ternary (docked),567,356,True,4060,0.64,0.443
CALVADOS ternary (docked),567,363,True,4060,0.567,0.222
CALVADOS ternary (docked),632,401,True,4060,0.714,0.419
CALVADOS ternary (docked),638,401,True,4060,0.961,0.591
CALVADOS ternary (docked),638,543,False,4060,2.365,1.453
CALVADOS ternary (docked),673,668,True,4060,0.246,0.148
CALVADOS ternary (docked),688,503,True,4060,2.931,1.97
CALVADOS ternary (docked),693,363,False,4060,2.34,1.675
CALVADOS +3 XL harmonic k=20,166,306,True,1015,1.675,1.084
CALVADOS +3 XL harmonic k=20,166,322,True,1015,1.576,1.084
CALVADOS +3 XL harmonic k=20,166,335,False,1015,1.281,0.788
CALVADOS +3 XL harmonic k=20,166,337,True,1015,0.985,0.887
CALVADOS +3 XL harmonic k=20,166,354,True,1015,2.069,1.084
CALVADOS +3 XL harmonic k=20,166,356,True,1015,2.365,1.379
CALVADOS +3 XL harmonic k=20,166,363,True,1015,2.266,1.675
CALVADOS +3 XL harmonic k=20,166,668,False,1015,1.084,0.788
CALVADOS +3 XL harmonic k=20,166,731,False,1015,0.887,0.69
CALVADOS +3 XL harmonic k=20,174,337,True,1015,1.281,0.788
CALVADOS +3 XL harmonic k=20,174,668,False,1015,1.478,0.887
CALVADOS +3 XL harmonic k=20,174,731,False,1015,1.379,0.887
CALVADOS +3 XL harmonic k=20,191,337,False,1015,1.97,1.281
CALVADOS +3 XL harmonic k=20,266,322,True,1015,1.084,0.591
CALVADOS +3 XL harmonic k=20,266,337,False,1015,1.281,0.69
CALVADOS +3 XL harmonic k=20,266,668,True,1015,0.69,0.493
CALVADOS +3 XL harmonic k=20,266,675,False,1015,0.788,0.69
CALVADOS +3 XL harmonic k=20,370,259,False,1015,0.788,0.69
CALVADOS +3 XL harmonic k=20,370,337,False,1015,0.985,0.591
CALVADOS +3 XL harmonic k=20,459,337,False,1015,1.576,1.379
CALVADOS +3 XL harmonic k=20,488,668,False,1015,0.887,0.591
CALVADOS +3 XL harmonic k=20,557,316,True,1015,33.399,23.842
CALVADOS +3 XL harmonic k=20,557,354,True,1015,44.631,29.557
CALVADOS +3 XL harmonic k=20,557,356,True,1015,57.537,38.227
CALVADOS +3 XL harmonic k=20,557,363,True,1015,99.015,94.778
CALVADOS +3 XL harmonic k=20,557,401,True,1015,99.015,93.596
CALVADOS +3 XL harmonic k=20,557,423,True,1015,91.527,79.113
CALVADOS +3 XL harmonic k=20,557,668,False,1015,0.985,0.887
CALVADOS +3 XL harmonic k=20,567,356,True,1015,53.399,41.576
CALVADOS +3 XL harmonic k=20,567,363,True,1015,73.99,63.448
CALVADOS +3 XL harmonic k=20,632,401,True,1015,99.507,94.286
CALVADOS +3 XL harmonic k=20,638,401,True,1015,56.158,43.35
CALVADOS +3 XL harmonic k=20,638,543,False,1015,3.153,2.562
CALVADOS +3 XL harmonic k=20,673,668,True,1015,0.985,0.887
CALVADOS +3 XL harmonic k=20,688,503,True,1015,5.419,3.251
CALVADOS +3 XL harmonic k=20,693,363,False,1015,2.266,2.069
CALVADOS +3 XL Go r=1.5 k=100,166,306,True,1015,1.379,0.69
CALVADOS +3 XL Go r=1.5 k=100,166,322,True,1015,1.281,0.788
CALVADOS +3 XL Go r=1.5 k=100,166,335,False,1015,1.281,0.69
CALVADOS +3 XL Go r=1.5 k=100,166,337,True,1015,1.773,1.182
CALVADOS +3 XL Go r=1.5 k=100,166,354,True,1015,1.576,1.084
CALVADOS +3 XL Go r=1.5 k=100,166,356,True,1015,1.182,0.69
CALVADOS +3 XL Go r=1.5 k=100,166,363,True,1015,1.281,1.084
CALVADOS +3 XL Go r=1.5 k=100,166,668,False,1015,0.788,0.591
CALVADOS +3 XL Go r=1.5 k=100,166,731,False,1015,0.69,0.394
CALVADOS +3 XL Go r=1.5 k=100,174,337,True,1015,0.887,0.296
CALVADOS +3 XL Go r=1.5 k=100,174,668,False,1015,0.591,0.394
CALVADOS +3 XL Go r=1.5 k=100,174,731,False,1015,0.69,0.394
CALVADOS +3 XL Go r=1.5 k=100,191,337,False,1015,1.675,1.281
CALVADOS +3 XL Go r=1.5 k=100,266,322,True,1015,0.887,0.591
CALVADOS +3 XL Go r=1.5 k=100,266,337,False,1015,0.394,0.296
CALVADOS +3 XL Go r=1.5 k=100,266,668,True,1015,0.591,0.394
CALVADOS +3 XL Go r=1.5 k=100,266,675,False,1015,0.591,0.296
CALVADOS +3 XL Go r=1.5 k=100,370,259,False,1015,0.591,0.394
CALVADOS +3 XL Go r=1.5 k=100,370,337,False,1015,0.887,0.69
CALVADOS +3 XL Go r=1.5 k=100,459,337,False,1015,1.182,0.591
CALVADOS +3 XL Go r=1.5 k=100,488,668,False,1015,0.493,0.296
CALVADOS +3 XL Go r=1.5 k=100,557,316,True,1015,40.394,25.419
CALVADOS +3 XL Go r=1.5 k=100,557,354,True,1015,60.591,41.576
CALVADOS +3 XL Go r=1.5 k=100,557,356,True,1015,73.202,56.946
CALVADOS +3 XL Go r=1.5 k=100,557,363,True,1015,74.384,74.384
CALVADOS +3 XL Go r=1.5 k=100,557,401,True,1015,74.286,74.286
CALVADOS +3 XL Go r=1.5 k=100,557,423,True,1015,74.286,74.286
CALVADOS +3 XL Go r=1.5 k=100,557,668,False,1015,0.985,0.69
CALVADOS +3 XL Go r=1.5 k=100,567,356,True,1015,59.409,49.557
CALVADOS +3 XL Go r=1.5 k=100,567,363,True,1015,74.286,70.148
CALVADOS +3 XL Go r=1.5 k=100,632,401,True,1015,74.286,74.286
CALVADOS +3 XL Go r=1.5 k=100,638,401,True,1015,66.7,56.552
CALVADOS +3 XL Go r=1.5 k=100,638,543,False,1015,2.562,2.069
CALVADOS +3 XL Go r=1.5 k=100,673,668,True,1015,0.985,0.493
CALVADOS +3 XL Go r=1.5 k=100,688,503,True,1015,3.645,2.365
CALVADOS +3 XL Go r=1.5 k=100,693,363,False,1015,1.182,0.887
CALVADOS +21 XL IMProv-tiered,166,306,True,1015,0.0,0.0
CALVADOS +21 XL IMProv-tiered,166,322,True,1015,0.0,0.0
CALVADOS +21 XL IMProv-tiered,166,335,False,1015,0.0,0.0
CALVADOS +21 XL IMProv-tiered,166,337,True,1015,0.0,0.0
CALVADOS +21 XL IMProv-tiered,166,354,True,1015,0.0,0.0
CALVADOS +21 XL IMProv-tiered,166,356,True,1015,0.0,0.0
CALVADOS +21 XL IMProv-tiered,166,363,True,1015,0.0,0.0
CALVADOS +21 XL IMProv-tiered,166,668,False,1015,0.0,0.0
CALVADOS +21 XL IMProv-tiered,166,731,False,1015,0.0,0.0
CALVADOS +21 XL IMProv-tiered,174,337,True,1015,0.0,0.0
CALVADOS +21 XL IMProv-tiered,174,668,False,1015,0.0,0.0
CALVADOS +21 XL IMProv-tiered,174,731,False,1015,0.0,0.0
CALVADOS +21 XL IMProv-tiered,191,337,False,1015,0.0,0.0
CALVADOS +21 XL IMProv-tiered,266,322,True,1015,0.0,0.0
CALVADOS +21 XL IMProv-tiered,266,337,False,1015,0.0,0.0
CALVADOS +21 XL IMProv-tiered,266,668,True,1015,0.0,0.0
CALVADOS +21 XL IMProv-tiered,266,675,False,1015,0.0,0.0
CALVADOS +21 XL IMProv-tiered,370,259,False,1015,0.0,0.0
CALVADOS +21 XL IMProv-tiered,370,337,False,1015,0.0,0.0
CALVADOS +21 XL IMProv-tiered,459,337,False,1015,0.0,0.0
CALVADOS +21 XL IMProv-tiered,488,668,False,1015,0.0,0.0
CALVADOS +21 XL IMProv-tiered,557,316,True,1015,0.0,0.0
CALVADOS +21 XL IMProv-tiered,557,354,True,1015,0.0,0.0
CALVADOS +21 XL IMProv-tiered,557,356,True,1015,0.0,0.0
CALVADOS +21 XL IMProv-tiered,557,363,True,1015,0.0,0.0
CALVADOS +21 XL IMProv-tiered,557,401,True,1015,0.0,0.0
CALVADOS +21 XL IMProv-tiered,557,423,True,1015,0.0,0.0
CALVADOS +21 XL IMProv-tiered,557,668,False,1015,0.0,0.0
CALVADOS +21 XL IMProv-tiered,567,356,True,1015,0.0,0.0
CALVADOS +21 XL IMProv-tiered,567,363,True,1015,0.0,0.0
CALVADOS +21 XL IMProv-tiered,632,401,True,1015,0.296,0.0
CALVADOS +21 XL IMProv-tiered,638,401,True,1015,0.0,0.0
CALVADOS +21 XL IMProv-tiered,638,543,False,1015,0.0,0.0
CALVADOS +21 XL IMProv-tiered,673,668,True,1015,0.0,0.0
CALVADOS +21 XL IMProv-tiered,688,503,True,1015,0.0,0.0
CALVADOS +21 XL IMProv-tiered,693,363,False,1015,94.581,82.759
HyRes unrestrained,166,306,True,200,0.0,0.0
HyRes unrestrained,166,322,True,200,0.0,0.0
HyRes unrestrained,166,335,False,200,0.0,0.0
HyRes unrestrained,166,337,True,200,0.0,0.0
HyRes unrestrained,166,354,True,200,0.0,0.0
HyRes unrestrained,166,356,True,200,0.0,0.0
HyRes unrestrained,166,363,True,200,0.0,0.0
HyRes unrestrained,166,668,False,200,0.0,0.0
HyRes unrestrained,166,731,False,200,0.0,0.0
HyRes unrestrained,174,337,True,200,0.0,0.0
HyRes unrestrained,174,668,False,200,0.0,0.0
HyRes unrestrained,174,731,False,200,0.0,0.0
HyRes unrestrained,191,337,False,200,0.0,0.0
HyRes unrestrained,266,322,True,200,0.0,0.0
HyRes unrestrained,266,337,False,200,0.0,0.0
HyRes unrestrained,266,668,True,200,0.0,0.0
HyRes unrestrained,266,675,False,200,0.0,0.0
HyRes unrestrained,370,259,False,200,0.0,0.0
HyRes unrestrained,370,337,False,200,0.0,0.0
HyRes unrestrained,459,337,False,200,0.0,0.0
HyRes unrestrained,488,668,False,200,0.0,0.0
HyRes unrestrained,557,316,True,200,0.0,0.0
HyRes unrestrained,557,354,True,200,0.0,0.0
HyRes unrestrained,557,356,True,200,0.0,0.0
HyRes unrestrained,557,363,True,200,0.0,0.0
HyRes unrestrained,557,401,True,200,0.0,0.0
HyRes unrestrained,557,423,True,200,0.0,0.0
HyRes unrestrained,557,668,False,200,0.0,0.0
HyRes unrestrained,567,356,True,200,0.0,0.0
HyRes unrestrained,567,363,True,200,0.0,0.0
HyRes unrestrained,632,401,True,200,0.0,0.0
HyRes unrestrained,638,401,True,200,0.0,0.0
HyRes unrestrained,638,543,False,200,0.0,0.0
HyRes unrestrained,673,668,True,200,0.0,0.0
HyRes unrestrained,688,503,True,200,0.0,0.0
HyRes unrestrained,693,363,False,200,0.0,0.0
HyRes matched (separated),166,306,True,600,16.0,5.167
HyRes matched (separated),166,322,True,600,0.333,0.0
HyRes matched (separated),166,335,False,600,3.5,0.333
HyRes matched (separated),166,337,True,600,6.167,1.333
HyRes matched (separated),166,354,True,600,8.833,3.0
HyRes matched (separated),166,356,True,600,4.333,2.0
HyRes matched (separated),166,363,True,600,4.333,1.667
HyRes matched (separated),166,668,False,600,10.667,10.333
HyRes matched (separated),166,731,False,600,11.5,11.5
HyRes matched (separated),174,337,True,600,4.0,1.667
HyRes matched (separated),174,668,False,600,11.167,9.0
HyRes matched (separated),174,731,False,600,11.667,11.667
HyRes matched (separated),191,337,False,600,28.167,26.5
HyRes matched (separated),266,322,True,600,31.5,25.5
HyRes matched (separated),266,337,False,600,30.167,18.833
HyRes matched (separated),266,668,True,600,0.0,0.0
HyRes matched (separated),266,675,False,600,0.167,0.167
HyRes matched (separated),370,259,False,600,7.667,5.833
HyRes matched (separated),370,337,False,600,0.0,0.0
HyRes matched (separated),459,337,False,600,0.0,0.0
HyRes matched (separated),488,668,False,600,0.0,0.0
HyRes matched (separated),557,316,True,600,0.0,0.0
HyRes matched (separated),557,354,True,600,0.0,0.0
HyRes matched (separated),557,356,True,600,0.0,0.0
HyRes matched (separated),557,363,True,600,0.0,0.0
HyRes matched (separated),557,401,True,600,0.167,0.0
HyRes matched (separated),557,423,True,600,0.0,0.0
HyRes matched (separated),557,668,False,600,0.333,0.167
HyRes matched (separated),567,356,True,600,0.0,0.0
HyRes matched (separated),567,363,True,600,0.0,0.0
HyRes matched (separated),632,401,True,600,12.5,3.5
HyRes matched (separated),638,401,True,600,0.5,0.0
HyRes matched (separated),638,543,False,600,12.167,8.833
HyRes matched (separated),673,668,True,600,24.333,9.833
HyRes matched (separated),688,503,True,600,10.833,4.333
HyRes matched (separated),693,363,False,600,24.667,23.833
HyRes matched (docked),166,306,True,600,0.0,0.0
HyRes matched (docked),166,322,True,600,0.5,0.0
HyRes matched (docked),166,335,False,600,1.833,0.0
HyRes matched (docked),166,337,True,600,17.667,3.833
HyRes matched (docked),166,354,True,600,0.0,0.0
HyRes matched (docked),166,356,True,600,0.0,0.0
HyRes matched (docked),166,363,True,600,0.0,0.0
HyRes matched (docked),166,668,False,600,28.833,2.333
HyRes matched (docked),166,731,False,600,51.333,29.333
HyRes matched (docked),174,337,True,600,11.833,4.5
HyRes matched (docked),174,668,False,600,22.5,0.667
HyRes matched (docked),174,731,False,600,33.333,19.5
HyRes matched (docked),191,337,False,600,4.833,0.333
HyRes matched (docked),266,322,True,600,0.0,0.0
HyRes matched (docked),266,337,False,600,0.0,0.0
HyRes matched (docked),266,668,True,600,4.5,3.333
HyRes matched (docked),266,675,False,600,2.833,0.833
HyRes matched (docked),370,259,False,600,0.0,0.0
HyRes matched (docked),370,337,False,600,0.0,0.0
HyRes matched (docked),459,337,False,600,0.0,0.0
HyRes matched (docked),488,668,False,600,0.333,0.0
HyRes matched (docked),557,316,True,600,96.333,95.0
HyRes matched (docked),557,354,True,600,95.5,89.0
HyRes matched (docked),557,356,True,600,96.833,94.167
HyRes matched (docked),557,363,True,600,99.333,98.667
HyRes matched (docked),557,401,True,600,100.0,100.0
HyRes matched (docked),557,423,True,600,100.0,100.0
HyRes matched (docked),557,668,False,600,0.167,0.0
HyRes matched (docked),567,356,True,600,100.0,100.0
HyRes matched (docked),567,363,True,600,100.0,99.833
HyRes matched (docked),632,401,True,600,21.0,10.333
HyRes matched (docked),638,401,True,600,8.833,2.833
HyRes matched (docked),638,543,False,600,53.0,46.667
HyRes matched (docked),673,668,True,600,30.667,27.5
HyRes matched (docked),688,503,True,600,99.833,98.0
HyRes matched (docked),693,363,False,600,0.0,0.0
